State,Year,Gasoline Price,Median Income,Population,Renewable Energy Use,Total Energy Use,Transportation Energy Use
AK,1984,10.07,74476,513704,11152,3665,142997
AL,1984,8.98,54393,3951824,287856,49849,337698
AR,1984,8.55,50540,2319767,91421,24591,207483
AZ,1984,8.94,66628,3067134,188831,29747,279869
CA,1984,8.74,77358,25844397,693614,179453,2373953
CO,1984,8.99,82611,3169995,39290,25713,266929
CT,1984,9.11,79043,3180014,41070,23104,195062
DC,1984,9.83,88311,633382,3226,7936,28194
DE,1984,8.95,69132,611565,2927,6229,57524
FL,1984,8.92,57435,11039925,108740,103531,926847
GA,1984,8.59,58952,5834943,159451,60468,583690
HI,1984,11.6,80729,1027922,15372,6605,129351
IA,1984,9.34,68469,2858615,77577,25682,228259
ID,1984,9.34,66499,990841,156347,16109,77642
IL,1984,8.82,73753,11412128,145656,98893,707471
IN,1984,8.74,66360,5458322,60540,59520,513196
KS,1984,9.12,72815,2424088,14177,23235,257072
KY,1984,8.72,56525,3695459,74709,52556,337644
LA,1984,8.99,50935,4400474,78627,61127,598755
MA,1984,8.85,86725,5840774,65032,37242,370142
MD,1984,9.0,94384,4365246,60086,38374,308196
ME,1984,9.05,63440,1155634,139329,9623,89155
MI,1984,9.12,63829,9049454,110270,73313,601213
MN,1984,9.39,78461,4157704,66000,38275,340655
MO,1984,8.48,61901,4975276,47028,45408,420918
MS,1984,8.72,44966,2578053,50468,25003,243198
MT,1984,9.11,56442,820904,130528,13880,82805
NC,1984,8.93,60266,6164004,159880,71667,478735
ND,1984,9.51,63657,680499,30082,6743,70543
NE,1984,9.55,72024,1588638,21233,15636,141399
NH,1984,9.04,88235,976863,35004,6786,62668
NJ,1984,8.67,85239,7515474,48816,52586,797550
NM,1984,9.11,50822,1416719,10332,11041,141950
NV,1984,8.78,60956,924921,63057,10976,110017
NY,1984,8.71,68304,17745676,409565,111910,724758
OH,1984,9.1,60110,10737743,128096,121316,749609
OK,1984,8.64,52341,3285535,39702,35829,345747
OR,1984,8.79,76554,2666589,590527,38068,231840
PA,1984,8.91,70117,11815175,152019,101444,758211
RI,1984,8.85,80012,961895,4946,5374,54087
SC,1984,8.83,60097,3271864,80275,45202,263410
SD,1984,9.32,69787,697250,63771,5548,61918
TN,1984,8.72,54665,4686743,203804,72110,426527
TX,1984,8.66,68093,16007088,87064,208256,1960057
UT,1984,8.93,83670,1622342,21624,12718,128479
VA,1984,9.03,81947,5643868,102908,55590,482494
VT,1984,9.51,66902,526658,26036,4226,36467
WA,1984,9.25,81083,4343657,982001,78081,392840
WI,1984,9.26,67094,4735571,215468,44718,304796
WV,1984,9.12,51615,1927696,25619,21102,156917
WY,1984,9.02,65108,504895,17197,9738,68415
AK,1985,9.83,78394,532496,11783,3988,153931
AL,1985,9.15,56200,3972520,247353,50166,334813
AR,1985,8.8,54539,2327046,109186,23833,203444
AZ,1985,9.06,70674,3183539,171680,33001,293447
CA,1985,8.68,78105,26441107,593488,184331,2364497
CO,1985,9.28,72499,3208726,41761,26674,277566
CT,1985,9.37,87291,3201131,40282,23482,196759
DC,1985,10.28,93111,634549,3327,8214,28202
DE,1985,9.39,74194,618279,3019,6315,56930
FL,1985,9.03,58368,11351120,110698,111168,957710
GA,1985,8.76,56628,5962639,146207,63697,590637
HI,1985,11.14,88006,1039698,15307,6635,142888
IA,1985,9.47,66054,2829684,78655,25677,222333
ID,1985,9.31,65988,994052,132508,16402,79813
IL,1985,9.03,74399,11399803,150398,99111,733119
IN,1985,8.85,66693,5459214,69980,63844,520787
KS,1985,9.28,73151,2427401,14756,23536,268172
KY,1985,8.8,55662,3694816,69540,50568,323387
LA,1985,9.36,51707,4408113,78537,60671,585795
MA,1985,9.18,87707,5880734,65453,38119,381532
MD,1985,9.51,95572,4413072,55147,39327,317632
ME,1985,9.35,66546,1162935,136042,9824,94003
MI,1985,9.1,64119,9076287,110639,74427,614673
MN,1985,9.73,81426,4184301,66473,38664,333044
MO,1985,8.56,60597,5000260,62419,46314,430001
MS,1985,8.75,44787,2588103,50892,25726,250723
MT,1985,9.16,60195,822320,120930,13700,81484
NC,1985,9.03,61159,6253957,136770,72287,493450
ND,1985,9.64,70031,676979,28393,7026,68752
NE,1985,9.67,73071,1584661,23754,15702,141050
NH,1985,9.26,86900,996753,33807,7407,62955
NJ,1985,8.95,87726,7565530,49683,53832,796824
NM,1985,9.14,53113,1438360,10998,11873,163649
NV,1985,8.77,70906,951032,49982,11341,111173
NY,1985,8.79,71855,17791678,415540,112674,845257
OH,1985,9.15,64663,10734926,130618,124275,758279
OK,1985,8.76,59397,3271333,57000,36682,340783
OR,1985,8.87,74413,2672648,529624,35947,241257
PA,1985,9.01,70582,11770865,148238,100152,763291
RI,1985,9.13,70151,968956,5081,5430,50730
SC,1985,8.84,62028,3303211,66594,46269,265569
SD,1985,9.26,64255,698404,59844,5650,65547
TN,1985,8.85,56627,4715292,167033,69027,434200
TX,1985,8.79,67444,16272722,93532,213125,2027528
UT,1985,9.09,84523,1642910,18680,13038,132132
VA,1985,9.33,81313,5715149,99955,57681,502788
VT,1985,9.53,74305,530035,26890,4015,36959
WA,1985,9.31,82454,4400096,917722,76342,414170
WI,1985,9.33,67355,4747765,217765,45590,311118
WV,1985,9.19,53706,1906831,25050,20847,155590
WY,1985,8.87,65134,499696,14997,10348,68801
AK,1986,7.86,68734,544269,10706,4048,150698
AL,1986,6.99,49936,3991569,213815,51597,349194
AR,1986,6.84,49781,2331988,91234,22932,207724
AZ,1986,7.24,62283,3308261,175103,33985,299713
CA,1986,6.68,70489,27102238,666981,185419,2447497
CO,1986,6.76,73034,3237448,43869,27161,278417
CT,1986,7.45,72812,3223741,35510,24526,200195
DC,1986,8.23,85750,638269,3047,8588,30415
DE,1986,6.97,65012,627559,2765,6824,60237
FL,1986,6.7,54644,11667503,116356,116675,1008847
GA,1986,6.29,55821,6084645,141713,68490,621820
HI,1986,9.63,80108,1051762,17315,7032,127072
IA,1986,7.13,68718,2791969,107397,26356,218170
ID,1986,7.07,58728,990222,146627,15791,80510
IL,1986,6.78,70145,11387256,160460,101758,725802
IN,1986,6.48,59892,5454103,72081,64391,552469
KS,1986,6.72,63938,2432614,21920,23834,273068
KY,1986,6.69,54555,3687805,63267,49696,344232
LA,1986,7.04,49973,4406922,99811,59292,661328
MA,1986,7.25,86345,5902677,69642,40042,389179
MD,1986,7.55,86223,4486956,54645,41961,325874
ME,1986,7.38,58663,1170126,122771,10203,100742
MI,1986,6.79,60449,9127774,113125,76253,634968
MN,1986,7.42,71817,4205213,63838,38734,336886
MO,1986,6.11,61726,5023055,49316,48274,449790
MS,1986,6.54,42781,2593596,49196,26532,269475
MT,1986,6.74,57679,813738,133914,13820,81233
NC,1986,6.69,53369,6321576,114112,77436,519831
ND,1986,6.92,66505,669513,30017,6849,66907
NE,1986,7.28,67575,1574328,25882,15880,141525
NH,1986,7.32,81346,1025054,38742,7872,68908
NJ,1986,6.89,74176,7622161,41534,55993,826257
NM,1986,7.02,48283,1462728,11713,11901,170061
NV,1986,6.75,61864,980614,52098,11654,115443
NY,1986,6.6,67274,17833421,429134,114908,861713
OH,1986,6.78,61633,10730272,117706,124239,785434
OK,1986,6.3,54434,3252735,45180,35759,324441
OR,1986,6.92,69165,2683526,532746,35066,246074
PA,1986,6.54,64524,11782754,117214,102527,793230
RI,1986,7.36,62266,977340,4653,5657,56422
SC,1986,6.4,57444,3342759,89782,49433,274879
SD,1986,6.83,59463,696036,64005,5674,60615
TN,1986,7.01,56060,4738708,156686,67808,465660
TX,1986,6.47,59785,16561103,110360,213270,2073455
UT,1986,6.78,77067,1662833,22999,12989,141909
VA,1986,6.97,77151,5811692,83623,63265,531531
VT,1986,7.47,70066,534066,23871,3727,37654
WA,1986,7.29,79726,4452724,943292,75372,482626
WI,1986,7.0,62629,4755625,161718,46685,317003
WV,1986,7.0,50573,1882352,31416,20603,139565
WY,1986,6.72,62539,495633,16232,9973,63799
AK,1987,7.9,77987,539310,12000,3962,133896
AL,1987,7.27,50865,4015262,229572,54703,374883
AR,1987,7.28,49751,2342357,86688,24196,216907
AZ,1987,7.77,59700,3437103,123114,36639,312326
CA,1987,6.95,70038,27777160,522673,192800,2578470
CO,1987,7.59,74984,3260477,32368,28071,281120
CT,1987,7.93,74304,3247290,30809,25721,209097
DC,1987,8.05,81282,636930,2226,9007,28683
DE,1987,7.61,64961,636946,2162,7015,65275
FL,1987,7.11,53086,11997282,107606,122468,1066924
GA,1987,6.66,57985,6208479,146038,71680,662463
HI,1987,9.47,73599,1067917,18834,7298,124138
IA,1987,7.36,63467,2767006,118754,27026,228123
ID,1987,7.26,59497,984997,101722,16106,82283
IL,1987,7.23,65969,11391176,171863,104789,735374
IN,1987,6.9,58767,5473023,76608,67624,578042
KS,1987,7.05,56900,2445367,21370,24430,278352
KY,1987,7.36,49672,3683330,60441,50787,358877
LA,1987,7.14,43565,4344151,100062,59156,652242
MA,1987,7.56,76243,5935205,60278,42383,403559
MD,1987,8.06,82093,4565558,47753,44908,338551
ME,1987,7.72,53316,1184577,116377,10718,108321
MI,1987,7.13,56405,9187484,112079,78980,667095
MN,1987,7.71,69975,4235136,58913,41775,334133
MO,1987,6.81,56530,5056702,40796,50120,459201
MS,1987,6.97,43281,2588545,45439,27186,294124
MT,1987,7.57,57407,805064,111156,12423,82080
NC,1987,7.33,49547,6403693,134887,82610,544494
ND,1987,7.53,60167,661141,26159,6597,67693
NE,1987,7.58,59583,1566544,23743,16185,148017
NH,1987,7.6,75630,1054289,34985,8373,74832
NJ,1987,7.25,71240,7670741,38592,58746,840590
NM,1987,7.46,45601,1478519,8882,12332,177792
NV,1987,6.79,58041,1023374,28499,12754,126816
NY,1987,6.99,61543,17868844,400041,118970,909932
OH,1987,7.36,60688,10760081,122283,130383,811202
OK,1987,7.08,51882,3210124,45998,36096,331045
OR,1987,7.12,62498,2700996,477093,37713,263025
PA,1987,7.03,61285,11810869,108025,107140,839104
RI,1987,7.96,65401,989605,3302,5942,60804
SC,1987,7.08,54537,3380507,95655,51966,271519
SD,1987,7.16,56914,696034,59702,5711,62356
TN,1987,7.44,55306,4782939,175575,69730,458225
TX,1987,7.19,60092,16621767,116905,216066,2032666
UT,1987,7.44,69789,1678120,14262,13397,146203
VA,1987,7.6,70811,5932273,85820,66847,568798
VT,1987,7.58,63682,540267,23132,4097,42609
WA,1987,7.36,71540,4531903,850801,77082,497334
WI,1987,7.49,63482,4777923,152842,44976,319153
WV,1987,7.34,46957,1857583,28499,21075,145124
WY,1987,6.88,59536,476966,11117,10510,77408
AK,1988,8.14,75723,541984,12759,4045,150456
AL,1988,7.21,47221,4023842,213088,56638,377985
AR,1988,7.13,45907,2342655,92546,25273,226684
AZ,1988,7.31,57100,3535183,98749,38916,322840
CA,1988,7.08,66637,28464250,512100,200637,2730174
CO,1988,7.34,70566,3262280,32338,29335,272773
CT,1988,8.91,75923,3271954,34409,26923,216609
DC,1988,8.63,70982,630432,2378,9380,29823
DE,1988,8.07,58046,647621,2310,7543,64373
FL,1988,7.12,51176,12306400,113802,130241,1129029
GA,1988,6.51,53527,6316139,138695,74346,694440
HI,1988,9.55,72133,1079827,20427,7719,140944
IA,1988,7.37,59094,2768393,122555,28838,235332
ID,1988,7.61,56564,985661,87512,17165,84336
IL,1988,7.27,61386,11390186,180027,110041,787563
IN,1988,6.94,56094,5491733,80322,71675,562368
KS,1988,6.78,56810,2461995,22757,25829,294398
KY,1988,7.42,45369,3680002,56441,54078,386223
LA,1988,7.25,42196,4288859,103943,60011,694276
MA,1988,7.9,72266,5979983,61835,44727,420664
MD,1988,8.65,73760,4657903,46241,47564,351166
ME,1988,8.15,50856,1203840,118029,11264,122448
MI,1988,7.15,57091,9218002,118354,82517,692249
MN,1988,7.81,70218,4296163,60210,45728,348749
MO,1988,6.82,55016,5081737,43057,52247,476640
MS,1988,7.27,41099,2580349,47412,28080,308474
MT,1988,7.75,57075,800200,103886,12942,84305
NC,1988,7.26,53764,6480591,115314,85540,575667
ND,1988,8.05,60184,655330,25131,7107,68573
NE,1988,7.22,59374,1571477,21759,17259,161225
NH,1988,7.82,76260,1082576,36549,8848,77318
NJ,1988,7.58,68468,7712333,41856,62112,803708
NM,1988,7.44,48451,1490336,8485,12755,192216
NV,1988,7.32,55431,1075023,23919,13684,131203
NY,1988,7.16,61437,17941309,365628,125643,869081
OH,1988,7.43,53985,10798554,127664,134316,818503
OK,1988,7.12,50943,3167064,37117,37326,337054
OR,1988,7.48,59135,2741297,470568,39312,281176
PA,1988,7.01,60979,11845755,108182,112891,870488
RI,1988,8.4,61528,996407,3528,6220,61893
SC,1988,7.08,54336,3412097,82436,52809,298884
SD,1988,7.46,57450,698160,59484,6235,64623
TN,1988,7.43,51344,4822438,149034,72872,466234
TX,1988,7.32,58146,16667040,108936,224346,2146110
UT,1988,7.71,67481,1689372,11778,14507,151122
VA,1988,7.85,66451,6036908,78435,70115,600423
VT,1988,7.87,60837,549763,21704,4416,44201
WA,1988,7.4,70310,4639894,835492,84832,520178
WI,1988,7.55,59817,4822391,157160,47866,341123
WV,1988,7.52,44354,1830213,29016,22388,149467
WY,1988,6.84,57829,465103,11398,10964,83531
AK,1989,8.65,75112,547160,18342,4142,173382
AL,1989,7.96,44509,4030219,302389,58187,401324
AR,1989,7.69,42798,2346354,119759,26085,233710
AZ,1989,8.19,52248,3622184,101498,40748,322219
CA,1989,7.66,63636,29218165,738917,204139,2817092
CO,1989,8.13,66596,3275815,30277,30139,266101
CT,1989,9.3,72889,3283404,36042,27365,218201
DC,1989,9.5,70071,624168,2511,9653,29281
DE,1989,8.88,57756,658274,2516,8065,65685
FL,1989,7.68,48825,12637718,232261,138474,1139593
GA,1989,7.12,50768,6411117,218301,77060,674415
HI,1989,10.42,64514,1094588,28875,7970,154497
IA,1989,8.4,60855,2770590,91329,28712,237178
ID,1989,8.21,51624,994422,124650,17821,88615
IL,1989,8.0,60413,11409782,149116,109301,802325
IN,1989,7.6,51983,5523679,69238,72891,577378
KS,1989,7.66,54865,2472838,18659,25822,285614
KY,1989,8.08,42387,3677318,73036,58487,404451
LA,1989,7.9,45922,4252896,129286,61842,693330
MA,1989,8.5,67861,6015478,66832,45683,420228
MD,1989,9.35,73594,4727303,55480,49259,360646
ME,1989,8.69,50756,1219961,154425,11434,110119
MI,1989,7.77,54203,9253298,111822,82929,685553
MN,1989,8.72,68730,4338056,63542,45932,343924
MO,1989,7.45,59196,5095844,36263,52603,483578
MS,1989,8.07,40037,2574272,76403,29574,288807
MT,1989,8.59,51395,799634,110933,13061,82922
NC,1989,8.1,50797,6565462,167662,88209,549735
ND,1989,8.88,57415,646351,25388,7062,67317
NE,1989,8.42,60474,1574858,20344,17567,153416
NH,1989,8.6,75675,1104523,40566,9086,76524
NJ,1989,8.48,68357,7726086,34878,63359,827139
NM,1989,8.24,45119,1503901,9275,13370,205982
NV,1989,8.19,52008,1137382,30236,14968,132861
NY,1989,7.82,58005,17983084,379021,128203,875391
OH,1989,8.18,53301,10829216,106704,141624,824533
OK,1989,7.79,47077,3150304,50344,37007,356262
OR,1989,8.5,60834,2790579,481678,41619,284161
PA,1989,7.79,60389,11865992,98078,113900,819936
RI,1989,9.11,55701,1000666,3806,6359,60866
SC,1989,7.84,46360,3456777,97057,53857,289639
SD,1989,8.51,55065,696698,52343,6338,64771
TN,1989,8.25,47330,4854432,205580,75113,477732
TX,1989,7.92,56473,16806729,125459,229660,2150031
UT,1989,8.24,66258,1705865,11676,14965,143100
VA,1989,8.55,61486,6120246,96553,73461,577259
VT,1989,8.84,59494,557708,20018,4573,42008
WA,1989,8.03,67243,4746315,855589,86674,561297
WI,1989,8.29,55425,4856568,123657,48376,343688
WV,1989,8.52,42824,1806570,25599,22847,150231
WY,1989,7.79,60925,458373,10449,11234,84494
AK,1990,10.03,67629,553290,18357,4254,168892
AL,1990,8.96,42278,4050055,251667,59926,397799
AR,1990,8.86,44922,2356586,109997,27365,228101
AZ,1990,9.22,49254,3684097,94753,41470,325563
CA,1990,8.57,60487,29959515,669326,211093,2834517
CO,1990,9.29,60940,3307618,26402,30795,271483
CT,1990,10.06,70161,3291967,34712,27187,205529
DC,1990,10.24,68277,605321,1283,9848,27450
DE,1990,10.26,57522,669567,1653,8284,62955
FL,1990,8.85,46140,13033307,198986,143535,1137421
GA,1990,8.24,49555,6512602,235499,80440,682487
HI,1990,11.71,71223,1113491,27937,8311,154545
IA,1990,9.38,57810,2781018,88502,29437,235625
ID,1990,9.15,53438,1012384,119510,18003,90874
IL,1990,9.35,54916,11453316,116949,111577,788227
IN,1990,8.74,48060,5557798,60100,73982,581671
KS,1990,8.9,53444,2481349,14891,27149,280304
KY,1990,9.25,42786,3694048,50476,61097,379595
LA,1990,9.47,42406,4221532,125199,63826,690571
MA,1990,9.53,63151,6022639,65263,45442,406751
MD,1990,10.33,76165,4799770,50546,49534,331362
ME,1990,9.74,51710,1231719,151630,11529,115386
MI,1990,8.78,52005,9311319,97986,82367,683927
MN,1990,9.56,67244,4389857,59880,47167,339237
MO,1990,8.61,56630,5128880,40959,53925,477139
MS,1990,9.21,35521,2578897,84868,32127,291495
MT,1990,9.56,51102,800204,123487,13125,81965
NC,1990,9.44,46784,6664016,168721,89924,537113
ND,1990,9.87,60730,637685,22169,7014,65276
NE,1990,9.49,56870,1581660,18296,17868,151842
NH,1990,9.66,73397,1112384,46824,8980,72989
NJ,1990,9.03,65243,7762963,26140,62857,798501
NM,1990,9.23,46686,1521574,8336,13821,230438
NV,1990,9.1,49875,1220695,29668,16352,132736
NY,1990,8.83,54310,18020784,390950,129324,929238
OH,1990,9.35,49644,10864162,74714,142465,803352
OK,1990,9.0,47199,3148825,49914,42504,340214
OR,1990,9.45,58875,2860375,487410,42977,280250
PA,1990,9.35,55173,11903299,91855,114751,842565
RI,1990,10.03,58633,1005995,4499,6419,57830
SC,1990,8.8,44929,3501155,106105,55652,308567
SD,1990,9.4,53053,697101,44413,6334,65961
TN,1990,9.4,43716,4894492,165785,77145,466321
TX,1990,9.16,53875,17056755,115294,237415,2155244
UT,1990,9.09,63383,1731223,10774,15402,148687
VA,1990,9.46,66155,6216884,104855,72696,583597
VT,1990,9.66,60708,564798,19484,4716,42074
WA,1990,9.45,59068,4903043,1004344,91046,570959
WI,1990,9.38,58080,4904562,102565,49198,341152
WV,1990,9.96,39552,1792548,18512,23132,146864
WY,1990,8.66,55690,453690,9451,11769,81244
AK,1991,8.99,72472,570193,17357,4256,156413
AL,1991,8.69,47320,4099156,255590,61227,406124
AR,1991,8.81,39376,2383144,109823,28440,229427
AZ,1991,8.57,52611,3788576,88774,41848,332408
CA,1991,8.18,60794,30470736,653513,208650,2691409
CO,1991,9.23,67912,3387119,31891,31457,273879
CT,1991,10.04,69291,3302895,34896,27171,204102
DC,1991,9.85,60057,600870,1345,10195,27452
DE,1991,9.51,54091,683080,1734,8536,70337
FL,1991,8.48,48532,13369798,212955,146336,1077908
GA,1991,7.95,46992,6653005,226913,81539,665004
HI,1991,10.4,64235,1136754,27516,8524,151201
IA,1991,9.11,60156,2797613,91919,30781,228184
ID,1991,9.13,48467,1041316,116020,18046,88787
IL,1991,9.13,53937,11568964,126106,116869,759400
IN,1991,8.6,49455,5616388,60995,77034,567839
KS,1991,8.72,47820,2498722,15626,28152,260471
KY,1991,8.94,44879,3722328,56629,64194,378096
LA,1991,9.51,46425,4253279,127508,64704,725547
MA,1991,10.01,62529,6018470,66582,44797,389342
MD,1991,9.86,69353,4867641,41675,51108,336651
ME,1991,9.64,54957,1237081,157261,11383,105823
MI,1991,8.37,56567,9400446,105361,84519,695925
MN,1991,9.31,64324,4440859,63243,48755,358208
MO,1991,8.3,46303,5170800,30538,56514,474217
MS,1991,8.92,32338,2598733,89510,33019,315059
MT,1991,9.07,43201,809680,142368,13407,81075
NC,1991,9.23,46337,6784280,137282,92316,530406
ND,1991,9.57,59152,635753,23205,7255,66390
NE,1991,9.43,57623,1595919,17612,18605,148328
NH,1991,9.55,69099,1109929,40894,8762,74312
NJ,1991,8.91,63754,7814676,35990,64683,808065
NM,1991,9.1,40166,1555305,9139,14084,225511
NV,1991,8.83,51846,1296171,38961,16625,138198
NY,1991,9.44,49966,18122510,379052,129411,903756
OH,1991,9.23,50748,10945762,80207,145658,794158
OK,1991,8.72,46162,3175440,41216,39404,348184
OR,1991,9.14,48999,2928507,484638,43651,301182
PA,1991,9.44,55156,11982164,90246,116337,840036
RI,1991,10.09,56323,1010649,4585,6403,57997
SC,1991,8.56,43563,3570404,107666,57069,318063
SD,1991,8.92,53413,703669,43560,6685,64087
TN,1991,9.0,43361,4966587,180359,78390,440683
TX,1991,9.09,51406,17398005,120330,240352,2103266
UT,1991,8.81,61047,1779780,12553,15907,154513
VA,1991,9.02,65907,6301217,106699,75111,569499
VT,1991,9.48,65513,568606,17310,4704,42481
WA,1991,9.14,63922,5025624,1007480,92714,579683
WI,1991,9.18,51726,4964343,108259,51032,340589
WV,1991,9.92,43069,1798735,16399,23625,144778
WY,1991,8.4,67441,459260,10494,11757,75947
AK,1992,9.95,63648,588736,18300,4339,151927
AL,1992,8.67,43464,4154014,255014,62167,417482
AR,1992,8.69,39018,2415984,112587,28451,227667
AZ,1992,9.23,47044,3915740,87528,43651,336940
CA,1992,9.19,57020,30974659,642293,213447,2681192
CO,1992,9.56,57255,3495939,27778,31822,278016
CT,1992,10.19,64247,3300712,38926,27127,205609
DC,1992,10.33,65246,597565,1412,10043,27765
DE,1992,9.16,48972,694925,1784,8532,65057
FL,1992,8.29,46071,13650553,230779,147010,1113436
GA,1992,7.66,48121,6817203,234484,83391,668801
HI,1992,10.95,56263,1158613,26800,8667,144127
IA,1992,8.72,53442,2818401,100239,30208,226937
ID,1992,9.52,47922,1071685,95133,19008,89674
IL,1992,8.79,51738,11694184,134421,112521,773491
IN,1992,8.28,46158,5674547,61853,76977,558794
KS,1992,8.49,50003,2532394,15374,27069,255948
KY,1992,8.65,41086,3765469,57999,67068,393921
LA,1992,9.23,39085,4293003,130798,65098,725753
MA,1992,9.83,63656,6028709,68433,44998,386663
MD,1992,10.05,71836,4923368,46672,50989,344087
ME,1992,9.63,49158,1238508,159035,11483,104061
MI,1992,8.16,50015,9479065,108477,83840,701060
MN,1992,9.11,61795,4495572,69504,47412,380355
MO,1992,8.11,49764,5217101,34756,54411,491151
MS,1992,8.62,36641,2623734,90830,33241,327507
MT,1992,9.39,45088,825770,95906,13096,87906
NC,1992,8.96,41553,6897214,159698,94195,539320
ND,1992,9.29,55766,638223,22246,7128,69684
NE,1992,9.09,52196,1611687,19619,17784,154150
NH,1992,9.5,67819,1117784,42211,8954,73745
NJ,1992,9.04,66692,7880508,38620,63122,811443
NM,1992,9.33,43424,1595442,9255,14431,211705
NV,1992,9.3,47333,1351367,36827,17696,141152
NY,1992,9.28,47680,18246653,395108,128470,881198
OH,1992,8.98,44375,11029431,76310,145016,787556
OK,1992,8.37,48407,3220517,53293,38267,374952
OR,1992,10.03,51775,2991755,374214,42910,304262
PA,1992,9.33,51904,12049450,107587,116288,856858
RI,1992,9.83,56065,1012581,4840,6393,56859
SC,1992,8.25,44401,3620464,110649,58401,306881
SD,1992,8.65,49415,712801,41061,6494,72993
TN,1992,8.92,42995,5049742,170092,78584,460344
TX,1992,9.05,51926,17759738,133852,239431,2149543
UT,1992,8.95,58341,1836799,12378,16567,157455
VA,1992,9.04,64632,6414307,110242,76448,565627
VT,1992,9.39,55582,572751,16014,4941,44946
WA,1992,9.47,62187,5160757,803146,89319,646082
WI,1992,8.94,53079,5025398,108919,50925,346888
WV,1992,9.49,43553,1806451,18470,23831,159657
WY,1992,8.73,57512,466251,8786,11700,79985
AK,1993,10.05,57431,599432,20551,4375,154297
AL,1993,8.68,42590,4214202,268147,65058,413632
AR,1993,8.62,41302,2456303,133646,31663,238191
AZ,1993,9.64,48621,4065440,86666,44408,352581
CA,1993,9.14,53367,31274928,820783,210500,2630793
CO,1993,9.67,58629,3613734,31618,32958,303181
CT,1993,10.16,65415,3309175,39111,27238,206060
DC,1993,10.44,55251,595301,1946,10375,28147
DE,1993,9.05,54660,706378,2492,9121,67786
FL,1993,8.48,45105,13927185,217028,152748,1100343
GA,1993,7.61,45973,6978240,239997,89191,741546
HI,1993,11.16,59047,1172838,27829,8658,130086
IA,1993,8.48,50219,2836972,106281,32104,231808
ID,1993,9.48,47459,1108768,126225,18720,100692
IL,1993,8.63,50637,11809579,121027,117786,801109
IN,1993,8.16,44445,5739019,52542,81931,580696
KS,1993,8.37,46147,2556547,15474,28808,260226
KY,1993,8.57,39856,3812206,47980,68149,407849
LA,1993,9.2,40658,4316428,137491,67756,723701
MA,1993,9.54,63313,6060569,69749,45281,391048
MD,1993,10.01,68876,4971889,49263,53872,342256
ME,1993,9.39,49693,1242302,158153,11952,105456
MI,1993,8.15,48879,9540114,100474,87589,738727
MN,1993,9.32,57820,4555954,70105,49211,401059
MO,1993,7.98,45774,5271175,49981,58622,505757
MS,1993,8.64,41090,2655100,92435,34749,329774
MT,1993,9.64,40277,844761,108980,12929,90766
NC,1993,8.74,45206,7042818,157307,99778,559650
ND,1993,9.41,56361,641216,19321,7432,73265
NE,1993,9.14,55616,1625590,22322,18749,150645
NH,1993,9.23,65880,1129458,42448,8761,75190
NJ,1993,8.89,62338,7948915,37006,65621,770250
NM,1993,9.94,41982,1636453,9667,14927,223530
NV,1993,9.27,47043,1411215,40587,18499,146016
NY,1993,9.1,50636,18374954,421298,130170,895308
OH,1993,8.88,44648,11101140,53768,148571,823223
OK,1993,8.27,48455,3252285,67957,40531,363564
OR,1993,10.05,51526,3060367,414153,44578,292806
PA,1993,9.08,49910,12119724,104764,119981,877822
RI,1993,9.63,49033,1015112,5181,6548,57039
SC,1993,7.99,40084,3663314,110225,61533,311468
SD,1993,8.84,47223,722159,30241,6905,73241
TN,1993,8.84,42279,5137584,153217,79832,485213
TX,1993,8.97,49047,18161612,117228,250084,2135807
UT,1993,8.82,55493,1898404,14575,16867,163603
VA,1993,8.95,62616,6509630,119272,81372,574960
VT,1993,9.15,51862,577748,18238,5016,47312
WA,1993,9.22,56850,5278842,791624,90473,592511
WI,1993,8.78,52058,5084889,104600,53156,356002
WV,1993,9.67,41821,1817539,18459,24442,165632
WY,1993,8.48,54509,473081,10208,11885,84504
AK,1994,10.54,57848,603308,23587,4533,157266
AL,1994,8.62,40933,4260229,332532,67581,431784
AR,1994,8.64,38587,2494019,119581,32619,255166
AZ,1994,9.61,46896,4245089,93513,47282,366258
CA,1994,9.13,54283,31484435,633599,213684,2752695
CO,1994,9.91,60233,3724168,27344,34502,308187
CT,1994,10.41,65998,3316121,40443,28026,205590
DC,1994,10.51,56928,589239,1849,10295,27395
DE,1994,9.57,55214,717545,2422,9299,63155
FL,1994,8.35,44066,14239444,215563,159544,1179540
GA,1994,7.6,44117,7157165,240827,89913,753123
HI,1994,11.36,59539,1187536,25405,8948,139865
IA,1994,8.77,49016,2850746,114015,33039,247614
ID,1994,9.71,47050,1145140,106699,19879,103105
IL,1994,9.02,50728,11912585,122485,121490,781820
IN,1994,8.27,46139,5793526,51415,83808,603534
KS,1994,8.35,46054,2580513,15279,29614,247301
KY,1994,8.79,41104,3849088,56670,72485,405793
LA,1994,9.11,39300,4347481,147246,70132,764489
MA,1994,9.62,60934,6095241,73476,46091,394376
MD,1994,10.17,64201,5023060,52990,54752,343278
ME,1994,9.48,47931,1242662,156736,11606,107390
MI,1994,8.35,46276,9597737,102457,91160,741775
MN,1994,9.49,52321,4610355,72105,51155,416902
MO,1994,8.22,45817,5324497,35896,59693,520029
MS,1994,8.74,38160,2688992,94862,36627,331430
MT,1994,10.07,41280,861306,94511,13184,94515
NC,1994,8.74,43830,7187398,186807,99789,579176
ND,1994,9.19,51006,644804,24581,7681,72715
NE,1994,9.24,52504,1639041,29349,19873,153903
NH,1994,9.36,66633,1142560,40356,8956,77427
NJ,1994,8.88,62968,8014306,41458,66258,843820
NM,1994,9.71,45134,1682398,8601,15859,213109
NV,1994,9.58,51200,1499298,39090,20036,154154
NY,1994,9.19,49781,18459470,409236,131177,883923
OH,1994,9.15,45886,11152454,79948,154377,838461
OK,1994,8.22,43103,3280940,50125,41143,376090
OR,1994,10.11,50602,3121264,367996,44971,301285
PA,1994,9.28,48314,12166050,112111,123045,886387
RI,1994,9.94,51623,1015960,5066,6572,56070
SC,1994,8.09,41698,3705397,114631,61858,317872
SD,1994,8.92,45352,730790,57086,7174,78214
TN,1994,8.89,38591,5231438,186212,82533,499428
TX,1994,9.01,47266,18564062,114097,258180,2196665
UT,1994,9.0,56701,1960446,13808,17847,166811
VA,1994,8.92,60367,6593139,122634,82210,586939
VT,1994,9.24,55928,583836,19068,5067,47859
WA,1994,9.73,56163,5375161,773994,87133,609445
WI,1994,9.13,50351,5133678,106756,55412,379489
WV,1994,9.85,42777,1820421,18699,24776,177018
WY,1994,8.72,52201,480283,11936,11696,83152
AK,1995,10.9,61604,604412,22506,4632,173607
AL,1995,8.93,39980,4296800,320101,70007,454692
AR,1995,8.77,36538,2535399,117474,34671,260424
AZ,1995,9.66,45739,4432499,103931,48589,372801
CA,1995,9.27,56134,31696582,846185,212605,2817126
CO,1995,9.8,55930,3826653,33514,35317,319506
CT,1995,11.16,64851,3324144,46144,27970,201738
DC,1995,10.81,53141,580517,1851,10316,27211
DE,1995,10.15,52114,729734,2476,9580,59981
FL,1995,8.54,45631,14537875,220211,167492,1211339
GA,1995,7.85,43340,7328413,249118,96192,789874
HI,1995,11.51,55649,1196854,24608,9188,138041
IA,1995,8.77,50721,2867373,113120,34301,256890
ID,1995,9.27,46778,1177322,139907,19620,110452
IL,1995,9.51,52870,12008437,120808,126231,799894
IN,1995,8.6,44305,5851459,52503,87006,621793
KS,1995,8.55,44717,2601007,15090,30357,274175
KY,1995,9.18,42664,3887427,51206,74548,421760
LA,1995,9.34,45433,4378779,151598,72827,764491
MA,1995,10.28,59373,6141445,72548,46510,401591
MD,1995,10.49,64186,5070033,51811,56158,348983
ME,1995,10.05,47502,1243480,160885,11561,101923
MI,1995,8.47,45994,9676211,105715,94701,760951
MN,1995,9.48,56090,4660180,76096,53959,433207
MO,1995,8.39,48769,5378247,36252,62259,539990
MS,1995,8.91,35078,2722659,94192,37868,335696
MT,1995,10.14,40437,876553,127550,13419,98500
NC,1995,8.91,41906,7344674,168712,104673,601138
ND,1995,9.19,50075,647832,30985,7883,72855
NE,1995,9.24,49595,1656992,46923,20892,163477
NH,1995,10.02,64131,1157561,39480,9007,80643
NJ,1995,9.27,64777,8083242,43246,66754,857742
NM,1995,9.53,43542,1720394,9073,16416,195058
NV,1995,9.31,51434,1581578,40326,20659,161155
NY,1995,9.6,50216,18524104,391266,130471,911249
OH,1995,9.3,45879,11202751,72219,158626,852980
OK,1995,8.35,45878,3308208,53290,41392,359989
OR,1995,10.33,49098,3184369,467164,45725,297074
PA,1995,9.73,48172,12198403,113291,126251,901564
RI,1995,10.52,51634,1017002,5079,6636,57906
SC,1995,8.39,41101,3748582,124701,65074,318370
SD,1995,9.16,45826,737925,66206,7414,79805
TN,1995,9.08,40517,5326936,165142,82030,523840
TX,1995,9.3,47475,18958751,117889,263279,2165210
UT,1995,9.26,58491,2014177,15540,18460,181276
VA,1995,9.14,60501,6670693,126481,85162,596493
VT,1995,9.81,52318,589002,19167,5104,49731
WA,1995,10.07,60392,5481027,942015,88353,633489
WI,1995,9.61,51237,5184836,111558,57967,387380
WV,1995,10.04,40490,1823700,19453,25977,177819
WY,1995,8.76,52470,485160,10703,11199,95893
AK,1996,11.74,63989,608569,21187,4780,167528
AL,1996,9.36,44476,4331102,323372,73104,444370
AR,1996,9.43,39586,2572109,118017,36137,265553
AZ,1996,10.57,46914,4586940,112164,52085,394105
CA,1996,10.03,57014,32018834,817736,218112,2866143
CO,1996,10.48,60943,3919972,30472,37073,328228
CT,1996,11.78,64682,3336685,56055,28417,213178
DC,1996,11.34,55590,572377,1922,10137,26309
DE,1996,10.55,50702,740977,2642,9641,66267
FL,1996,9.18,44857,14853360,240343,171832,1221305
GA,1996,8.36,46227,7501069,256860,101307,834752
HI,1996,12.16,61521,1203755,24088,9379,121533
IA,1996,9.59,50142,2880000,119723,34999,272661
ID,1996,10.27,47420,1203083,164235,21781,112208
IL,1996,10.28,53254,12101997,88201,125990,824322
IN,1996,9.12,46520,5906013,48051,88901,607597
KS,1996,9.37,47877,2614554,12575,31291,273318
KY,1996,9.88,41148,3919535,55143,77019,396465
LA,1996,9.7,39563,4398877,152443,75269,834585
MA,1996,10.64,60320,6179756,78433,47294,419336
MD,1996,10.87,63711,5111986,66005,56998,357970
ME,1996,10.37,47228,1249060,167218,11726,105327
MI,1996,9.21,49788,9758645,122454,96302,767783
MN,1996,10.51,54925,4712827,80512,54942,443367
MO,1996,9.35,46038,5431553,30767,64843,566697
MS,1996,9.49,36446,2748085,85740,39622,340820
MT,1996,10.84,42900,886254,158574,13820,97001
NC,1996,9.56,42930,7500670,171371,108296,638394
ND,1996,9.85,49631,650382,36360,8314,74552
NE,1996,10.03,50728,1673740,53332,21497,177952
NH,1996,10.21,66176,1174719,47633,9146,82930
NJ,1996,9.62,65306,8149596,41258,66889,827626
NM,1996,10.21,42102,1752326,7587,17173,186613
NV,1996,10.43,54744,1666320,43110,22574,178132
NY,1996,9.94,50461,18588460,439291,131527,952834
OH,1996,9.89,46934,11242827,78957,158587,884393
OK,1996,9.12,46111,3340129,51673,43291,381541
OR,1996,11.21,51727,3247111,517451,48410,308018
PA,1996,10.09,51402,12220464,131090,127623,896275
RI,1996,10.82,53241,1020893,5562,6604,58610
SC,1996,8.97,42155,3796200,131794,67086,325962
SD,1996,9.9,51600,742213,86847,7736,79338
TN,1996,9.84,39702,5416643,176855,87659,541591
TX,1996,9.73,46490,19340342,110535,278450,2338876
UT,1996,10.1,62537,2067976,17160,19858,189839
VA,1996,9.76,61985,6750884,136360,87596,605212
VT,1996,10.13,50706,593701,21867,5239,51665
WA,1996,10.9,56631,5569753,1109139,88424,622542
WI,1996,10.32,51200,5229986,123860,58744,395039
WV,1996,10.29,37994,1822808,22037,26127,162736
WY,1996,9.33,53337,488167,14832,11475,95955
AK,1997,12.02,62993,612968,14994,4841,188588
AL,1997,9.42,42212,4367935,299675,74554,439699
AR,1997,9.33,40795,2601090,124045,36858,273172
AZ,1997,10.6,47215,4736990,141607,54456,394605
CA,1997,10.27,55734,32486010,760278,227880,2799926
CO,1997,10.55,61141,4018293,33304,38069,326350
CT,1997,11.95,64141,3349348,50710,28432,213989
DC,1997,11.14,50783,567736,1378,10107,26790
DE,1997,10.44,54589,751487,2203,10122,64816
FL,1997,9.15,45794,15186304,231308,175041,1264807
GA,1997,8.16,48641,7685099,262479,102250,802997
HI,1997,12.28,64022,1211640,22502,9363,117181
IA,1997,9.51,48908,2891119,110180,36148,266370
ID,1997,10.56,49184,1228520,179342,22394,114869
IL,1997,9.97,52506,12185715,102905,126953,833959
IN,1997,9.19,47453,5955267,45750,89147,608935
KS,1997,9.35,48497,2635292,11885,32270,271115
KY,1997,9.73,39452,3952747,47970,76836,427334
LA,1997,9.68,41313,4421071,149628,75886,801668
MA,1997,10.74,58463,6226058,72315,47882,425617
MD,1997,10.71,65630,5157328,52920,56264,368616
ME,1997,10.46,47894,1254774,161828,11959,110610
MI,1997,9.11,49370,9809051,113741,97391,782990
MN,1997,10.47,58058,4763390,83512,55674,440457
MO,1997,9.31,46005,5481193,30753,65711,578792
MS,1997,9.35,37279,2777004,84291,40089,350986
MT,1997,10.94,43655,889865,153337,11917,99053
NC,1997,9.59,43513,7656825,164819,109050,649491
ND,1997,9.7,47205,649716,38466,8282,75700
NE,1997,9.64,49174,1686418,62387,22582,180913
NH,1997,10.18,67576,1189425,42282,9167,87422
NJ,1997,9.52,60508,8218808,39319,65915,837099
NM,1997,10.2,44356,1774839,9025,17528,233533
NV,1997,10.59,54058,1764104,48280,24219,177800
NY,1997,10.06,48944,18656546,491158,131944,952014
OH,1997,9.8,49099,11277357,74189,158508,914038
OK,1997,9.01,43216,3372917,55183,44453,375036
OR,1997,11.15,50236,3304310,530595,48552,310825
PA,1997,10.25,48437,12227814,114660,128076,933764
RI,1997,10.89,54210,1025353,4347,6745,64938
SC,1997,8.82,44213,3859696,131983,68534,340229
SD,1997,10.14,46418,744223,95920,7773,77445
TN,1997,9.67,41195,5499233,164091,86917,546093
TX,1997,9.53,46053,19740317,122666,286704,2402608
UT,1997,10.52,53529,2119784,20402,20376,197637
VA,1997,9.66,59161,6829183,123587,87420,623602
VT,1997,10.35,47390,597239,19949,5312,50799
WA,1997,10.48,58080,5674747,1158984,90932,638511
WI,1997,10.09,51277,5266213,123191,60094,397553
WV,1997,10.32,42091,1819113,17582,26247,176591
WY,1997,9.48,48744,489451,16423,11786,97960
AK,1998,10.2,56418,619932,13291,5095,192174
AL,1998,8.18,37952,4404701,317065,79173,447984
AR,1998,8.0,37057,2626289,114927,39315,275696
AZ,1998,8.9,46657,4883342,126648,55843,424601
CA,1998,9.01,55319,32987675,832978,236434,2807883
CO,1998,8.94,55697,4116639,26261,39574,340751
CT,1998,10.1,62404,3365352,49188,28956,216761
DC,1998,10.0,48477,565230,1222,10281,26047
DE,1998,8.92,52438,763335,1936,10398,65432
FL,1998,7.69,45676,15486559,205485,187355,1284397
GA,1998,6.93,49344,7863536,256573,110720,830768
HI,1998,12.0,60470,1215233,21657,9261,114518
IA,1998,8.02,48126,2902872,107977,37318,275603
ID,1998,9.11,46213,1252330,160202,22077,117181
IL,1998,8.73,48671,12271847,105215,131697,851814
IN,1998,8.0,45407,5998880,44182,92059,613596
KS,1998,7.87,45552,2660598,11658,34140,270026
KY,1998,8.48,39485,3985390,43480,75850,424989
LA,1998,8.33,36488,4440344,147482,77716,781161
MA,1998,9.1,55330,6271838,66413,48607,426001
MD,1998,9.38,63668,5204464,52451,57834,379129
ME,1998,8.89,45642,1259127,151240,11599,107844
MI,1998,8.07,48647,9847942,105953,100506,801137
MN,1998,9.13,56211,4813412,80517,56744,463324
MO,1998,7.89,44579,5521765,37398,69010,627750
MS,1998,7.91,34733,2804834,64175,42510,352206
MT,1998,9.34,41105,892431,128313,14145,99527
NC,1998,8.15,39797,7809121,159627,113596,664594
ND,1998,8.49,41047,647532,28369,8220,66695
NE,1998,8.21,48145,1695816,64577,23145,188843
NH,1998,8.86,61970,1205940,40585,9303,95884
NJ,1998,8.1,68059,8287418,38853,68162,849878
NM,1998,8.72,40028,1793484,8466,18173,230985
NV,1998,9.23,52282,1853191,53115,25037,183785
NY,1998,8.58,48222,18755906,458812,134196,959501
OH,1998,8.81,45900,11311536,67210,159793,930745
OK,1998,7.62,38838,3405194,60591,47897,382455
OR,1998,9.43,47091,3352449,454349,46907,326162
PA,1998,8.72,48477,12245672,110545,130206,956955
RI,1998,9.28,53736,1031155,4197,6888,62809
SC,1998,7.51,39617,3919235,129956,72454,359539
SD,1998,8.62,45427,746058,62841,7824,79996
TN,1998,8.28,40693,5570045,161573,91750,556279
TX,1998,8.23,43307,20157531,110071,304705,2524138
UT,1998,9.09,54628,2165960,19503,20700,202063
VA,1998,8.27,57119,6900918,123068,90609,633812
VT,1998,8.97,51981,600416,20290,5363,50106
WA,1998,8.98,54723,5769562,901989,94873,603397
WI,1998,8.9,51692,5297672,108155,62061,416933
WV,1998,8.83,38419,1815609,16211,26511,184117
WY,1998,8.24,47041,490787,15921,11641,101099
AK,1999,10.08,55891,624779,10212,5293,207434
AL,1999,8.77,37150,4430141,290195,80401,453914
AR,1999,8.52,36658,2651860,110822,39789,293044
AZ,1999,9.68,45245,5023823,114877,57662,447923
CA,1999,10.52,51755,33499204,760009,234831,2869691
CO,1999,9.74,50449,4226018,28038,40571,361725
CT,1999,10.89,56835,3386401,49290,29803,235201
DC,1999,10.37,44993,570213,1259,10418,26684
DE,1999,9.83,51235,774990,2001,10552,67935
FL,1999,8.52,42990,15759421,204114,187270,1325493
GA,1999,7.81,45926,8045965,231115,112656,859994
HI,1999,11.34,59586,1210300,21767,9381,122989
IA,1999,8.69,46500,2917634,114185,38034,274154
ID,1999,9.79,44176,1275674,167747,22722,123440
IL,1999,9.34,48398,12359020,104015,132682,939315
IN,1999,8.77,42437,6044969,43124,96735,629856
KS,1999,8.67,42027,2678338,11528,33820,285477
KY,1999,9.33,36699,4018053,38204,79098,440965
LA,1999,8.99,37236,4460811,148307,78267,776293
MA,1999,10.06,56017,6317345,65168,49407,437786
MD,1999,9.93,60512,5254509,50675,59086,399984
ME,1999,9.84,43923,1266808,159186,11944,111710
MI,1999,8.68,45933,9897116,107946,103981,837784
MN,1999,9.72,54215,4873481,95416,57399,495464
MO,1999,8.65,42986,5561948,32497,69045,620745
MS,1999,8.61,32875,2828408,65132,43980,370166
MT,1999,10.18,37313,897507,157031,13282,103986
NC,1999,8.78,42056,7949361,139731,115015,679167
ND,1999,9.24,42192,644259,31608,9112,81957
NE,1999,8.74,47923,1704764,67772,22810,194152
NH,1999,9.72,56984,1222014,38906,9888,99555
NJ,1999,8.95,63368,8359592,39895,70703,848846
NM,1999,9.55,38947,1808082,8965,18041,230756
NV,1999,10.69,48209,1934718,48981,26253,196380
NY,1999,9.59,47176,18882725,419145,139378,967022
OH,1999,9.6,44203,11335454,74350,164271,958102
OK,1999,8.45,37645,3437147,55318,46737,400473
OR,1999,11.1,44159,3393941,509832,47544,329116
PA,1999,9.51,46300,12263805,109245,128883,967891
RI,1999,10.12,49484,1040402,4403,7150,65366
SC,1999,8.26,40230,3974682,96967,73304,370957
SD,1999,9.21,43151,750412,72609,7922,83197
TN,1999,8.9,39406,5638706,134427,93180,574005
TX,1999,8.9,41422,20558220,93994,301844,2509765
UT,1999,10.15,54813,2203482,20361,21879,209020
VA,1999,8.93,51914,7000174,120213,93032,646527
VT,1999,9.92,50704,604683,20800,5527,52481
WA,1999,10.52,50646,5842564,1081815,99030,614736
WI,1999,9.58,44650,5332666,114212,63547,427108
WV,1999,9.39,36445,1811799,14808,27144,179513
WY,1999,9.33,44718,491780,14339,11782,115332
AK,2000,12.87,55063,627963,12204,5310,219733
AL,2000,11.42,36629,4452173,263303,83524,472549
AR,2000,11.38,34984,2678588,108634,41611,293838
AZ,2000,12.2,43846,5160586,100776,61130,459904
CA,2000,12.55,49222,33987977,736594,244057,3017945
CO,2000,12.42,50886,4326921,27076,43020,366112
CT,2000,13.22,55100,3411777,50578,29952,227972
DC,2000,12.09,43451,572046,1354,10616,27860
DE,2000,12.33,48049,786373,2290,11274,70445
FL,2000,11.04,40535,16047515,194952,195843,1404075
GA,2000,10.38,40984,8227303,222186,119185,859663
HI,2000,13.45,56242,1213519,20386,9691,125096
IA,2000,11.74,43391,2929067,109372,39088,270870
ID,2000,12.75,44358,1299430,141448,22834,124232
IL,2000,12.31,46077,12434161,109798,134697,967818
IN,2000,11.52,42329,6091866,44023,97775,658504
KS,2000,11.48,41066,2693681,11914,35921,269988
KY,2000,11.64,35610,4049021,36052,78316,441204
LA,2000,11.52,36429,4471885,142328,80690,854201
MA,2000,12.65,52019,6361104,69462,51773,452623
MD,2000,12.01,57103,5311034,53885,60678,402664
ME,2000,12.41,41329,1277072,163025,12163,119837
MI,2000,11.9,42256,9952450,110506,104772,815945
MN,2000,12.3,56104,4933692,103427,59782,512778
MO,2000,11.43,42137,5607285,21679,72643,555307
MS,2000,11.73,34755,2848353,75389,45336,359299
MT,2000,12.99,33956,903773,113793,14580,105831
NC,2000,11.71,40238,8081614,136234,119855,702536
ND,2000,12.44,39220,642023,27268,9413,80608
NE,2000,12.1,43786,1713820,67458,24349,172532
NH,2000,12.4,56815,1239882,38620,10159,101593
NJ,2000,11.77,55275,8430621,40323,69977,905851
NM,2000,12.06,39562,1821204,9203,18801,226271
NV,2000,13.51,47204,2018741,44738,27792,204781
NY,2000,12.3,44649,19001780,429207,142027,971292
OH,2000,12.13,43055,11363543,79331,165195,984883
OK,2000,11.13,39614,3454365,47389,49564,425637
OR,2000,13.16,40994,3429708,436666,50330,320068
PA,2000,12.12,44106,12284173,113589,133845,998682
RI,2000,12.85,47935,1050268,4520,7301,65131
SC,2000,11.14,38691,4024223,92462,77012,378736
SD,2000,12.62,41107,755844,62868,8283,84690
TN,2000,11.39,38072,5703719,123662,95728,583021
TX,2000,11.35,41397,20944499,96071,318263,2563155
UT,2000,12.36,50871,2244502,15405,23185,220791
VA,2000,11.62,51141,7105817,114065,96715,682827
VT,2000,12.36,47329,609618,21389,5639,51827
WA,2000,12.93,49922,5910512,908860,96511,626425
WI,2000,12.48,45732,5373999,113325,65146,419128
WV,2000,11.85,33373,1807021,17379,27693,185760
WY,2000,11.91,45397,494300,15236,12368,108883
AK,2001,13.3,51837,633714,16974,5454,205464
AL,2001,10.76,37255,4467634,251523,79358,445444
AR,2001,10.93,32002,2691571,94001,41732,277440
AZ,2001,11.64,41166,5273477,90514,62274,475183
CA,2001,12.27,49300,34479458,608049,247759,2967388
CO,2001,12.43,49940,4425687,23726,44236,386390
CT,2001,12.36,54965,3432835,29813,30541,237677
DC,2001,11.9,45044,574504,866,10880,25953
DE,2001,11.47,49019,795699,1325,11379,65428
FL,2001,10.43,38972,16356966,158039,200752,1383851
GA,2001,9.75,42438,8377038,192060,117790,858321
HI,2001,14.56,51834,1225948,12389,9785,131920
IA,2001,11.32,41384,2931997,105614,39444,269727
ID,2001,11.94,42372,1319962,105045,21096,121405
IL,2001,11.98,45153,12488445,113176,136034,938602
IN,2001,11.04,42425,6127760,49614,97734,603613
KS,2001,11.15,44232,2702162,13084,35847,251278
KY,2001,10.97,36936,4068132,53193,79975,447996
LA,2001,10.72,33507,4477875,136086,74693,753070
MA,2001,11.98,50955,6397634,47998,52496,446665
MD,2001,11.64,52314,5374691,33247,61640,404638
ME,2001,11.55,37113,1285692,146146,12152,107045
MI,2001,11.3,45022,9991120,94158,102409,802852
MN,2001,12.03,52823,4982796,108950,60687,501577
MO,2001,10.87,43762,5641142,32926,73213,555090
MS,2001,10.97,32728,2852994,56085,44287,348223
MT,2001,12.21,34108,906961,80568,11447,107460
NC,2001,11.06,37279,8210122,127348,119027,692570
ND,2001,12.14,40410,639062,20662,9810,87900
NE,2001,11.61,43974,1719836,70152,24723,162383
NH,2001,11.77,55567,1255517,30186,10316,101737
NJ,2001,11.07,56045,8492671,29060,73177,881412
NM,2001,11.48,35105,1831690,8027,18727,229939
NV,2001,12.84,45184,2098399,43412,28167,205062
NY,2001,11.56,42788,19082838,350749,144181,968183
OH,2001,11.5,43520,11387404,51102,155798,977991
OK,2001,10.55,35902,3467100,48390,49667,465135
OR,2001,12.47,41638,3467937,349949,45885,306299
PA,2001,11.28,42933,12298970,95728,135272,995681
RI,2001,12.17,44711,1057142,3899,7393,65690
SC,2001,10.44,38479,4064995,70574,74832,382124
SD,2001,12.19,39522,757972,41313,8627,83083
TN,2001,10.81,37523,5750789,142349,96131,579918
TX,2001,10.73,39271,21319622,96535,318044,2674517
UT,2001,11.73,49275,2283715,10816,23217,212268
VA,2001,10.97,54783,7198362,92832,96453,684004
VT,2001,11.57,43261,612223,17341,5585,51851
WA,2001,12.26,47508,5985722,659060,78495,599324
WI,2001,12.18,46269,5406835,121849,65218,420917
WV,2001,11.57,32763,1801481,14725,27669,182823
WY,2001,11.5,42555,494657,14909,12950,110784
AK,2002,12.53,52774,642337,17922,5465,209351
AL,2002,10.3,37603,4480089,252689,83067,472526
AR,2002,10.53,32387,2705927,108618,42450,285354
AZ,2002,10.73,39734,5396255,86880,62601,485241
CA,2002,11.19,47437,34871843,676285,235213,3130834
CO,2002,11.41,48294,4490406,21082,45937,383293
CT,2002,11.42,53387,3458749,28314,31005,236682
DC,2002,11.35,39070,573158,881,11129,24665
DE,2002,10.85,49650,806169,1314,12019,68665
FL,2002,10.12,38024,16689370,174463,210474,1415516
GA,2002,9.37,42939,8508256,283704,123789,860638
HI,2002,12.43,47303,1239613,10452,9892,140060
IA,2002,10.51,41049,2934234,113940,40898,278502
ID,2002,11.19,37715,1340372,113779,20700,123256
IL,2002,11.08,42710,12525556,140267,138447,907505
IN,2002,10.27,41047,6155967,52532,101429,648275
KS,2002,10.74,42619,2713535,22196,36714,260526
KY,2002,10.5,36762,4089875,62858,87267,463165
LA,2002,10.37,34008,4497267,140938,79261,775112
MA,2002,11.12,49855,6417206,46722,53708,448360
MD,2002,10.98,56407,5440389,38064,68380,401249
ME,2002,11.27,36853,1295960,140385,11441,121967
MI,2002,10.65,42715,10015710,89210,104714,824677
MN,2002,11.26,54622,5018935,107216,62162,511621
MO,2002,10.35,42776,5674825,35225,75001,570990
MS,2002,10.56,30882,2858681,49641,45452,354481
MT,2002,11.4,34835,911667,108642,12831,107757
NC,2002,10.62,36515,8326201,125225,122686,700774
ND,2002,11.37,36200,638168,23405,10219,87666
NE,2002,10.91,42796,1728292,70412,25661,167087
NH,2002,10.99,55321,1269089,28896,10383,113405
NJ,2002,10.28,54568,8552643,28701,74603,888669
NM,2002,10.91,35457,1855309,8690,19207,225549
NV,2002,11.71,44958,2173791,39422,29204,208486
NY,2002,10.95,41966,19137800,363961,147440,990141
OH,2002,10.92,42684,11407889,38156,153407,984705
OK,2002,10.01,36458,3489080,40915,49485,435153
OR,2002,11.46,41802,3513424,400635,45255,312439
PA,2002,10.75,42498,12331031,96601,139820,999738
RI,2002,11.59,42417,1065995,3700,7561,65010
SC,2002,10.19,37812,4107795,80639,77819,390050
SD,2002,11.2,37873,760020,55199,8937,90621
TN,2002,10.36,37030,5795918,153221,98233,613320
TX,2002,10.32,40149,21690325,121028,320846,2768701
UT,2002,11.06,47861,2324815,10879,23267,219787
VA,2002,10.46,49631,7286873,77071,100619,688160
VT,2002,11.18,42999,615442,22714,5629,51047
WA,2002,11.11,45183,6052349,887900,75404,583866
WI,2002,11.52,45903,5445162,101548,66999,426136
WV,2002,11.15,29359,1805414,15137,28463,182001
WY,2002,10.85,39763,500017,12630,12874,109864
AK,2003,14.09,57363,648414,19374,5564,219252
AL,2003,11.59,35160,4503491,283428,83844,458056
AR,2003,11.86,33339,2724816,107905,43108,285259
AZ,2003,13.54,42704,5510364,83080,64080,500087
CA,2003,13.78,47262,35253159,719475,243221,3041509
CO,2003,12.72,49397,4528732,21882,46495,378054
CT,2003,13.04,53347,3484336,31229,31830,248599
DC,2003,12.88,41169,568502,926,10946,25449
DE,2003,12.44,49602,818003,1401,12600,67453
FL,2003,11.53,36421,17004085,188655,217379,1398524
GA,2003,10.82,42576,8622793,221665,123677,887895
HI,2003,15.21,47439,1251154,13310,10391,162799
IA,2003,11.88,40976,2941999,135112,41207,281575
ID,2003,13.14,38241,1363380,109553,21219,117135
IL,2003,12.41,46171,12556006,159432,136248,953375
IN,2003,11.93,40379,6196638,55292,100468,671909
KS,2003,12.21,41415,2723004,26498,36735,285806
KY,2003,11.84,38437,4117170,65615,85220,448304
LA,2003,11.64,33322,4521042,148609,77769,771859
MA,2003,12.83,52253,6422565,50339,55514,447348
MD,2003,12.49,53530,5496269,54135,71259,416974
ME,2003,12.82,36612,1306513,132344,11972,130781
MI,2003,12.18,45047,10041152,103312,108877,795746
MN,2003,12.51,52681,5053572,113752,63087,513789
MO,2003,11.68,41339,5709403,31603,74270,593183
MS,2003,11.94,30161,2868312,45346,45544,376154
MT,2003,13.02,32126,919630,100370,12825,102751
NC,2003,12.03,38162,8422501,181552,121335,714571
ND,2003,12.61,35793,638817,26158,10461,89108
NE,2003,12.25,43611,1738643,73956,25857,172444
NH,2003,12.71,51331,1279840,29849,10973,106262
NJ,2003,12.07,51771,8601402,26718,76383,869523
NM,2003,12.46,33124,1877574,9554,19330,218329
NV,2003,13.94,45403,2248850,33579,30132,214567
NY,2003,12.69,42114,19175939,357373,144045,1058979
OH,2003,12.37,41785,11434788,47969,152230,992414
OK,2003,11.4,35609,3504892,41954,50428,444999
OR,2003,13.64,41273,3547376,384479,45195,310257
PA,2003,12.41,43499,12374658,109946,140369,987990
RI,2003,13.21,45723,1071342,3787,7797,63894
SC,2003,11.56,37736,4150297,103796,77054,393778
SD,2003,12.56,39671,763729,67639,9080,85133
TN,2003,11.75,35783,5847812,190000,97457,629708
TX,2003,11.64,40860,22030931,115457,322686,2669830
UT,2003,12.92,47342,2360137,10252,23860,223916
VA,2003,11.86,50241,7366977,104227,101510,715501
VT,2003,12.79,40794,617858,24054,5352,51874
WA,2003,13.41,42490,6104115,829196,78134,585232
WI,2003,13.05,45346,5479203,115460,67241,419988
WV,2003,12.69,29673,1812295,19809,28297,170239
WY,2003,12.15,39719,503453,12064,13254,121106
AK,2004,15.88,52847,659286,18416,5788,265820
AL,2004,14.09,35424,4530729,290697,86871,493167
AR,2004,14.17,29697,2749686,112915,43672,288208
AZ,2004,15.63,39783,5652404,81377,66933,510232
CA,2004,16.3,46816,35574576,697561,252026,3194101
CO,2004,14.94,48240,4575013,22470,46724,416506
CT,2004,15.44,50172,3496094,30189,32215,284567
DC,2004,14.99,41222,567754,943,11415,27021
DE,2004,14.92,50365,830803,1435,11761,68851
FL,2004,13.98,38856,17415318,179754,218584,1546545
GA,2004,13.35,41901,8769252,226890,129466,924955
HI,2004,17.24,51546,1273569,13769,10732,171915
IA,2004,14.12,40991,2953635,174335,40903,296307
ID,2004,15.34,37611,1391802,112379,21809,122155
IL,2004,14.61,46064,12589773,154366,139254,1004947
IN,2004,14.13,40865,6233007,54883,103094,639334
KS,2004,14.41,41059,2734373,28341,37127,273226
KY,2004,14.27,36265,4146101,69142,86521,484328
LA,2004,14.13,30718,4552238,185640,79737,756504
MA,2004,15.01,46753,6412281,51072,56142,473427
MD,2004,14.88,54535,5546935,53426,66892,439335
ME,2004,15.38,37266,1313688,136769,12368,121265
MI,2004,14.41,45512,10055315,108765,106606,805720
MN,2004,14.69,54251,5087713,125527,63340,528862
MO,2004,13.92,45097,5747741,40841,74054,576876
MS,2004,14.26,34299,2889010,61251,46033,363590
MT,2004,15.22,32777,930009,101507,12957,110574
NC,2004,14.53,38317,8553152,139795,125657,735478
ND,2004,14.99,35996,644705,25922,10516,92170
NE,2004,14.59,41750,1749370,91627,25876,173762
NH,2004,14.9,50926,1290121,34923,10973,108870
NJ,2004,14.35,50405,8634561,27244,77593,901115
NM,2004,14.72,35093,1903808,12326,19846,225728
NV,2004,16.69,45758,2346222,34322,31312,228042
NY,2004,15.15,40744,19171567,358879,145082,1102770
OH,2004,14.71,42962,11452251,51268,154221,1014206
OK,2004,13.6,32432,3525233,62058,50942,412086
OR,2004,15.78,42499,3569463,384623,45636,321816
PA,2004,14.78,42176,12410722,110371,143501,1016450
RI,2004,15.45,42197,1074579,3846,7888,62104
SC,2004,14.02,37570,4210921,97431,79908,447812
SD,2004,14.8,36475,770396,83757,9214,86438
TN,2004,14.28,34096,5910809,185184,99661,630262
TX,2004,13.96,38609,22394023,120813,320615,2698065
UT,2004,15.03,47550,2401580,10581,24512,232666
VA,2004,14.15,47163,7475575,110959,105424,769960
VT,2004,15.29,39594,619920,22040,5664,53305
WA,2004,15.89,42525,6178645,817635,79982,604092
WI,2004,15.35,45088,5514026,108745,67976,436795
WV,2004,15.01,29411,1816438,19228,28919,179107
WY,2004,14.36,39629,509106,14434,13540,115100
AK,2005,19.05,51396,666946,15866,5913,263684
AL,2005,17.59,36251,4569805,279600,89202,489519
AR,2005,17.49,29682,2781097,112661,46165,288737
AZ,2005,18.74,36995,5839077,78334,69391,532787
CA,2005,18.96,43629,35827943,741491,254250,3280275
CO,2005,18.32,48177,4631888,32984,48353,423029
CT,2005,18.52,50593,3506956,25728,33095,262559
DC,2005,18.42,38670,567136,47,11816,23517
DE,2005,18.01,46628,845150,955,12137,72656
FL,2005,17.39,35831,17842038,184304,224977,1590010
GA,2005,16.96,39425,8925922,216430,132265,965803
HI,2005,20.73,44504,1292729,12937,10539,179128
IA,2005,17.38,41098,2964454,215149,42757,300758
ID,2005,18.51,35800,1428241,121084,21853,123131
IL,2005,17.73,46330,12609903,138338,144986,1109668
IN,2005,17.3,40838,6278616,58589,106549,644040
KS,2005,17.62,37348,2745299,31101,39024,258189
KY,2005,17.68,33738,4182742,67438,89351,475848
LA,2005,17.83,32654,4576628,151309,77389,716731
MA,2005,18.13,44005,6403290,40797,57228,484827
MD,2005,18.23,52205,5592379,43643,68365,457238
ME,2005,18.49,38862,1318787,159674,12363,130726
MI,2005,17.69,46089,10051137,116821,110445,803042
MN,2005,17.59,47038,5119598,142459,66019,532604
MO,2005,17.34,41383,5790300,52554,80940,590778
MS,2005,17.66,32478,2905943,62678,45901,356810
MT,2005,18.47,31038,940102,113989,13479,117881
NC,2005,18.23,37254,8705407,145275,128335,748795
ND,2005,18.18,32663,646089,23400,10840,92118
NE,2005,17.94,38626,1761497,94833,26976,172823
NH,2005,17.96,46055,1298492,41289,11245,103947
NJ,2005,17.48,49734,8651974,19957,81897,974228
NM,2005,18.43,32574,1932274,24068,20639,219163
NV,2005,19.21,41461,2432143,34481,32501,238011
NY,2005,18.15,39989,19132610,365542,150148,1068316
OH,2005,18.02,39489,11463320,54495,160176,1012499
OK,2005,17.08,32683,3548597,61329,53707,438257
OR,2005,18.91,40619,3613202,364066,46419,330136
PA,2005,18.23,37758,12449990,104225,148273,1033737
RI,2005,18.46,42719,1067916,879,8049,62115
SC,2005,17.48,36462,4270150,104205,81254,426716
SD,2005,18.13,35828,775493,93723,9811,88269
TN,2005,17.74,36522,5991057,167074,103905,645189
TX,2005,17.47,38688,22778123,138301,334258,2722996
UT,2005,18.1,46050,2457719,13607,25000,236793
VA,2005,17.59,45693,7577105,127185,108850,781592
VT,2005,18.43,41584,621215,24325,5883,54018
WA,2005,19.24,45473,6257305,807731,83425,612870
WI,2005,18.63,45667,5546166,144880,70336,435873
WV,2005,18.48,29297,1820492,28331,30152,180393
WY,2005,17.97,37248,514157,19105,14138,119090
AK,2006,21.54,50692,675302,13298,6182,265654
AL,2006,19.76,36266,4628981,266153,90678,496081
AR,2006,19.73,27665,2821761,100949,46636,288760
AZ,2006,20.7,37090,6029141,80773,73253,549475
CA,2006,21.47,40934,36021202,822369,262959,3328715
CO,2006,20.72,46599,4720423,45459,49734,432161
CT,2006,21.38,46508,3517460,25701,31677,256729
DC,2006,21.38,33433,570681,52,11396,21479
DE,2006,20.8,41458,859268,872,11555,74414
FL,2006,19.77,34909,18166990,186849,228220,1622062
GA,2006,19.07,38665,9155813,207730,134834,949573
HI,2006,23.98,40827,1309731,14001,10568,181362
IA,2006,19.92,37019,2982644,271182,43337,307445
ID,2006,20.82,36680,1468669,146507,22762,131164
IL,2006,20.2,43178,12643955,136528,142448,1058254
IN,2006,19.63,39731,6332669,48968,105664,656664
KS,2006,19.93,36711,2762931,39697,39751,272773
KY,2006,20.04,36252,4219239,62393,88743,472847
LA,2006,20.11,31735,4302665,149821,77468,770758
MA,2006,20.7,42345,6410084,45556,55850,478091
MD,2006,20.91,50016,5627367,45595,63173,463513
ME,2006,20.99,35640,1323619,152339,12285,130780
MI,2006,19.99,41821,10036081,117111,108018,798193
MN,2006,20.23,47926,5163555,164929,66770,522963
MO,2006,19.46,40201,5842704,45213,82015,594797
MS,2006,19.97,29120,2904978,63223,46936,376532
MT,2006,20.68,31577,952692,122240,13815,120853
NC,2006,20.53,35838,8917270,136769,126699,739578
ND,2006,20.61,30304,649422,26086,11245,91476
NE,2006,20.52,36413,1772693,103072,27276,174913
NH,2006,20.64,44958,1308389,33103,11094,103935
NJ,2006,20.07,49826,8661679,22111,79681,977700
NM,2006,20.93,31543,1962137,29385,21435,226922
NV,2006,21.49,39756,2522658,38355,34586,253265
NY,2006,20.79,37394,19104631,378627,142238,1091444
OH,2006,20.35,38925,11481213,55793,153429,1021249
OK,2006,19.42,33727,3594090,50325,54905,449700
OR,2006,21.49,39067,3670883,433011,48069,338005
PA,2006,20.91,39015,12510809,107632,146150,1028918
RI,2006,21.3,40686,1063096,2631,7799,64661
SC,2006,19.52,33267,4357847,100251,80877,445720
SD,2006,20.61,32786,783033,114833,10056,88259
TN,2006,19.91,34091,6088766,143514,103932,648771
TX,2006,19.98,35783,23359580,154259,342724,2855206
UT,2006,20.46,44299,2525507,13202,26366,260512
VA,2006,20.01,43354,7673725,119684,106721,804438
VT,2006,20.9,39372,622892,27595,5795,54227
WA,2006,21.95,47421,6370753,928254,85033,628978
WI,2006,21.11,41327,5577655,144626,69821,439632
WV,2006,20.82,26704,1827912,28268,32312,179262
WY,2006,20.32,35250,522667,19351,14947,122430
AK,2007,22.89,47994,680300,14037,6327,249874
AL,2007,21.55,31939,4672840,228703,91828,499523
AR,2007,22.12,26162,2848650,121735,47055,292703
AZ,2007,22.22,32740,6167681,83251,77193,541658
CA,2007,23.34,39694,36250311,632360,264235,3355466
CO,2007,22.98,43233,4803868,54146,51299,441970
CT,2007,23.05,43985,3527270,24031,34129,257284
DC,2007,22.69,31860,574404,55,12110,21279
DE,2007,21.96,43033,871749,1531,11869,74852
FL,2007,21.53,32455,18367842,191797,231085,1596523
GA,2007,20.81,36663,9349988,201333,137454,925051
HI,2007,24.6,40934,1315675,15035,10585,194442
IA,2007,22.43,33783,2999212,342569,45270,313014
ID,2007,22.89,33404,1505105,125621,23755,135469
IL,2007,22.47,41283,12695866,168590,146055,1060569
IN,2007,21.89,38889,6379599,72434,109420,641109
KS,2007,22.34,36471,2783785,49690,40166,279483
KY,2007,22.26,33452,4256672,56251,92404,493949
LA,2007,21.87,33260,4375581,150497,79567,710076
MA,2007,22.55,42023,6431559,38239,57139,485796
MD,2007,22.38,46685,5653408,40873,65391,457442
ME,2007,23.2,32772,1327040,155620,11860,125114
MI,2007,22.32,38742,10001284,133054,109297,789282
MN,2007,22.54,42564,5207203,185053,68231,527437
MO,2007,21.56,36553,5887612,65428,85533,601544
MS,2007,21.62,28499,2928350,66060,48153,372681
MT,2007,23.11,29212,964706,117750,15532,126822
NC,2007,22.44,35840,9118037,113126,131881,758070
ND,2007,23.41,31661,652822,43992,11906,103621
NE,2007,23.0,34692,1783440,129955,28248,177131
NH,2007,22.27,40998,1312540,34804,11236,105661
NJ,2007,21.31,48021,8677885,20782,81934,1028119
NM,2007,23.12,30086,1990070,32764,22267,217687
NV,2007,23.23,38854,2601072,37735,35643,256014
NY,2007,22.54,35798,19132335,363738,148178,1089875
OH,2007,22.73,36134,11500468,62088,161771,1028494
OK,2007,22.05,31351,3634349,74304,55193,459438
OR,2007,23.79,37247,3722417,396905,48697,344006
PA,2007,22.7,37517,12563937,106474,151573,1023385
RI,2007,22.69,34797,1057315,2781,8013,63767
SC,2007,21.35,34262,4444110,98956,81948,443626
SD,2007,22.92,29694,791623,115685,10603,92108
TN,2007,21.8,30636,6175727,116437,106717,651803
TX,2007,21.79,35075,23831983,197392,343829,2885470
UT,2007,22.5,42775,2597746,11031,27785,259900
VA,2007,21.67,42957,7751000,117796,111570,806073
VT,2007,22.91,35053,623481,18652,5864,53319
WA,2007,24.12,44562,6461587,884848,85742,667346
WI,2007,23.37,39595,5610775,150029,71301,442434
WV,2007,23.19,27488,1834052,26024,34184,177411
WY,2007,22.54,33423,534876,18322,15536,125829
AK,2008,29.84,52779,687455,12913,6326,214855
AL,2008,25.8,30302,4718206,234001,89707,467593
AR,2008,25.56,27123,2874554,124882,46135,285202
AZ,2008,25.89,31637,6280362,96752,76268,505233
CA,2008,26.96,38812,36604337,604499,268155,3145159
CO,2008,26.09,40950,4889730,80070,52142,425042
CT,2008,26.67,42119,3545579,26358,30957,242787
DC,2008,26.75,31966,580236,65,11616,18804
DE,2008,26.06,39309,883874,2952,11749,71202
FL,2008,25.56,30641,18527305,195232,226173,1496006
GA,2008,25.11,32496,9504843,174517,135174,865368
HI,2008,29.48,41772,1332213,15921,10390,136507
IA,2008,25.59,33209,3016734,413336,45488,305878
ID,2008,26.66,34709,1534320,133541,23901,124004
IL,2008,26.04,39554,12747038,199719,144620,1013271
IN,2008,25.45,35147,6424806,131764,106981,601725
KS,2008,25.49,32585,2808076,85267,39965,276308
KY,2008,26.02,32413,4289878,61024,93428,458383
LA,2008,26.09,30262,4435586,109774,78726,673737
MA,2008,26.45,39494,6468967,42737,55884,478871
MD,2008,26.15,43993,5684965,44835,63326,441273
ME,2008,27.23,34696,1330509,182576,11674,116466
MI,2008,25.57,39225,9946889,146310,105781,740516
MN,2008,25.55,40991,5247018,218974,68794,502186
MO,2008,24.88,34265,5923916,89945,84382,574301
MS,2008,25.46,26677,2947806,50044,47721,360998
MT,2008,26.84,28684,976415,123136,15326,117753
NC,2008,26.55,35601,9309449,143056,130069,756174
ND,2008,26.27,31470,657569,58719,12416,93261
NE,2008,25.48,34014,1796378,177032,28821,176723
NH,2008,26.3,39407,1315906,39884,10977,103260
NJ,2008,25.61,47468,8711090,23449,80520,1034435
NM,2008,26.27,25086,2010662,35367,22038,201513
NV,2008,26.75,38540,2653630,37884,35192,231392
NY,2008,26.79,35410,19212436,399484,144053,1087426
OH,2008,25.98,34070,11515391,110717,159389,983238
OK,2008,24.96,27437,3668976,75383,56279,462022
OR,2008,27.62,35492,3768748,414463,49187,323661
PA,2008,26.65,34899,12612285,117868,150401,973093
RI,2008,26.44,36986,1055003,2967,7819,60496
SC,2008,25.6,34665,4528996,96543,80651,433734
SD,2008,25.81,29526,799124,144447,10974,87283
TN,2008,25.8,30790,6247411,135440,104170,611820
TX,2008,25.47,33072,24309039,306975,347815,2801447
UT,2008,26.38,37038,2663029,13953,28192,240230
VA,2008,25.67,39211,7833496,117907,110106,748863
VT,2008,27.25,32358,624151,27030,5741,50595
WA,2008,28.04,36676,6562231,882230,87333,607175
WI,2008,26.63,40001,5640996,178497,70122,432246
WV,2008,27.41,25247,1840310,29407,34221,160262
WY,2008,25.98,30953,546043,21703,16690,123844
AK,2009,23.3,47954,698895,15685,6270,189767
AL,2009,18.07,25991,4757938,264530,82845,459056
AR,2009,17.84,25814,2896843,125695,43173,285162
AZ,2009,18.74,30863,6343154,80898,73433,476281
CA,2009,20.56,37009,36961229,647227,259584,3063147
CO,2009,18.61,40706,4972195,80116,51036,414341
CT,2009,19.61,40243,3561807,29529,29716,239060
DC,2009,18.63,30748,592228,49,11434,19689
DE,2009,18.86,34928,891730,3577,11258,68879
FL,2009,18.22,29745,18652644,213645,224750,1418422
GA,2009,17.41,34099,9620846,195374,130766,928594
HI,2009,22.91,42851,1346717,15815,10126,132829
IA,2009,18.73,35519,3032870,547827,43641,298572
ID,2009,19.2,32676,1554439,134502,22754,122803
IL,2009,18.88,38071,12796778,251022,136688,983720
IN,2009,18.38,33385,6459325,157512,99312,581204
KS,2009,18.43,30341,2832704,91075,38243,285206
KY,2009,18.95,29810,4317074,72836,88897,465340
LA,2009,18.55,27949,4491648,107145,78670,667267
MA,2009,19.51,38574,6517613,49336,54359,442953
MD,2009,18.99,41041,5730388,48414,62589,457440
ME,2009,20.28,33858,1329590,148204,11283,122086
MI,2009,18.58,36426,9901591,131657,98121,723132
MN,2009,19.17,37933,5281203,262847,64004,464316
MO,2009,17.96,34825,5961088,101279,79897,559845
MS,2009,18.22,26538,2958774,55625,46049,356080
MT,2009,19.54,27757,983982,113798,14354,112336
NC,2009,19.01,31979,9449566,148863,127658,699863
ND,2009,19.7,29089,664968,85152,12649,86895
NE,2009,19.04,32929,1812683,178841,28452,176690
NH,2009,19.18,39171,1316102,45367,10698,102856
NJ,2009,18.26,43924,8755602,33864,75780,885543
NM,2009,19.2,25991,2036802,31001,21647,197860
NV,2009,20.05,36084,2684665,46731,34284,210168
NY,2009,19.41,33028,19307066,369975,140034,1063286
OH,2009,19.16,34941,11528896,97090,146300,923412
OK,2009,17.93,26311,3717572,81605,54545,442492
OR,2009,20.55,36374,3808600,415665,47567,325708
PA,2009,19.61,34524,12666858,128938,143747,963206
RI,2009,19.72,35359,1053646,3566,7618,62361
SC,2009,17.86,29071,4589872,103035,76417,444790
SD,2009,19.16,29578,807067,179384,11010,89562
TN,2009,18.24,29015,6306019,179235,94910,595903
TX,2009,18.22,32039,24801761,304805,345351,2690610
UT,2009,19.27,36480,2723421,15951,27587,231558
VA,2009,18.4,36222,7925937,115242,108462,727672
VT,2009,19.75,33824,624817,31572,5497,52091
WA,2009,21.24,35568,6667426,832840,90210,597417
WI,2009,19.64,40955,5669264,171839,66286,421735
WV,2009,20.1,24880,1847775,45121,30271,166940
WY,2009,18.13,31529,559851,34009,16562,119933
AK,2010,27.98,45367,713982,16965,6247,194577
AL,2010,21.72,27196,4785514,242243,90863,475331
AR,2010,21.97,25565,2921998,126235,48194,287568
AZ,2010,22.5,31293,6407342,84800,72833,510502
CA,2010,24.76,35331,37319550,714484,258531,2940041
CO,2010,21.99,37833,5047539,83576,52918,424903
CT,2010,23.67,41097,3579173,30357,30392,240243
DC,2010,23.77,30116,605282,114,11877,19203
DE,2010,22.6,35873,899647,3838,11606,70499
FL,2010,21.8,29294,18846143,230259,231210,1560518
GA,2010,21.02,31467,9712209,220529,140672,997517
HI,2010,27.98,42255,1364004,15253,10017,153681
IA,2010,22.18,33079,3050819,618615,45445,304700
ID,2010,23.7,31536,1570819,133887,22798,134130
IL,2010,22.57,35081,12840545,298295,144761,996891
IN,2010,21.81,27858,6490555,205601,105994,589588
KS,2010,22.03,28322,2858266,103509,40421,272141
KY,2010,22.55,26595,4348464,70808,93569,474008
LA,2010,21.83,25676,4544635,113294,85080,607671
MA,2010,22.83,40500,6566440,50648,57123,460644
MD,2010,22.71,39198,5788784,48686,65335,456277
ME,2010,23.53,30316,1327651,159001,11532,116103
MI,2010,22.04,35284,9877597,148434,103649,749856
MN,2010,22.99,33644,5310934,291072,67800,468982
MO,2010,21.53,30190,5996089,102435,86085,576496
MS,2010,21.79,25400,2970615,63661,49687,331771
MT,2010,23.59,27631,990730,114783,13771,116776
NC,2010,22.65,30114,9574586,158391,136415,757547
ND,2010,23.55,28278,674752,109146,12956,98166
NE,2010,22.79,31794,1829591,280420,29849,203791
NH,2010,22.85,35245,1316807,45146,10890,104681
NJ,2010,21.89,42280,8799451,37292,79179,791065
NM,2010,22.67,26905,2064614,33679,22428,192895
NV,2010,23.43,35871,2702483,48939,33773,247444
NY,2010,22.98,31899,19399956,366312,144624,1232137
OH,2010,22.67,31855,11539449,125535,154145,896056
OK,2010,21.58,26991,3760014,96019,57846,444598
OR,2010,24.03,31456,3837614,398724,46026,318392
PA,2010,23.21,32066,12711406,159219,148964,963575
RI,2010,23.47,31928,1053994,3724,7799,62713
SC,2010,21.31,29846,4635846,115370,82479,447629
SD,2010,22.95,29733,816193,209935,11356,92146
TN,2010,21.89,28639,6355518,166482,103522,621856
TX,2010,21.71,30755,25241897,389935,358458,2672035
UT,2010,23.58,35716,2775413,17678,28044,226672
VA,2010,21.99,37647,8024004,110820,113806,758280
VT,2010,23.65,35802,625886,32420,5595,50109
WA,2010,24.77,33533,6743009,822184,90380,551772
WI,2010,23.3,35388,5690538,204261,68752,435233
WV,2010,23.74,23564,1854265,45978,32032,171133
WY,2010,22.09,33140,564531,44768,17113,121216
AK,2011,34.44,42931,722349,16078,6320,184555
AL,2011,27.53,25082,4799642,255849,88995,474771
AR,2011,27.86,23039,2941038,124987,47928,284546
AZ,2011,27.7,30510,6473416,112203,74944,507324
CA,2011,30.51,34073,37636311,834829,261942,2837040
CO,2011,27.95,34488,5121900,106250,53458,417816
CT,2011,30.33,39516,3588632,30760,29859,235644
DC,2011,30.2,27304,620290,290,11562,21212
DE,2011,28.71,36064,907590,4172,11483,65289
FL,2011,27.42,28550,19055607,227710,225090,1536681
GA,2011,26.68,31663,9803630,218530,136371,977009
HI,2011,34.45,42662,1379562,16647,9962,158444
IA,2011,28.21,28663,3066772,668883,45655,307194
ID,2011,29.19,31010,1584272,178552,23272,129300
IL,2011,28.71,32857,12867783,313512,142886,985537
IN,2011,27.74,29475,6517250,222942,105818,581270
KS,2011,28.02,29770,2869677,108558,40760,264919
KY,2011,28.69,24376,4370817,78517,89538,469818
LA,2011,27.68,26312,4576244,112139,86369,622556
MA,2011,29.29,37064,6614218,53116,55570,459868
MD,2011,28.85,39939,5840241,57804,63600,443534
ME,2011,30.15,27438,1328473,161563,11415,116065
MI,2011,28.03,32662,9883053,162105,105054,736892
MN,2011,29.32,33682,5346620,310099,68533,458085
MO,2011,27.38,28682,6011182,103120,84255,563706
MS,2011,27.63,22191,2979147,66403,49338,321859
MT,2011,29.07,26470,997518,140363,13788,117832
NC,2011,28.75,28820,9658913,156898,131085,737639
ND,2011,29.95,28118,685526,132334,13737,112880
NE,2011,28.99,31008,1840914,297830,29676,197563
NH,2011,29.27,37964,1320444,46133,10869,102069
NJ,2011,27.81,40500,8828552,38875,76860,792171
NM,2011,28.74,26758,2080707,36020,23042,198767
NV,2011,28.84,35814,2713114,50278,33916,244306
NY,2011,29.16,31697,19499921,399628,144047,1160418
OH,2011,28.76,31285,11545735,139209,154746,883912
OK,2011,27.44,26260,3788824,100945,59847,434206
OR,2011,29.58,33138,3872672,517348,47171,303109
PA,2011,29.48,30995,12747052,178974,148757,960306
RI,2011,30.07,33509,1053829,3679,7732,59606
SC,2011,27.05,26053,4672655,117506,80489,441969
SD,2011,29.19,27737,823740,234103,11680,92774
TN,2011,27.84,25102,6400298,178954,100733,618352
TX,2011,27.68,28727,25645504,445572,376065,2692218
UT,2011,29.05,35786,2814797,24387,28859,242467
VA,2011,27.91,36433,8102437,104936,110228,733171
VT,2011,30.29,31065,627197,30555,5550,48736
WA,2011,30.54,35655,6827479,1063525,93725,567007
WI,2011,29.64,31766,5705840,208301,68612,420456
WV,2011,30.13,22421,1856606,47220,31239,165264
WY,2011,27.21,29442,567491,60357,17418,111927
AK,2012,36.19,41802,730810,17796,6416,167087
AL,2012,27.99,25808,4816632,242204,86183,468816
AR,2012,28.32,23882,2952876,114237,46860,275070
AZ,2012,29.11,29358,6556344,97958,75063,497062
CA,2012,32.24,34903,37944551,701339,259538,2782196
CO,2012,28.65,32484,5193660,105626,53685,414507
CT,2012,31.32,40841,3595211,26910,29492,229744
DC,2012,31.32,30247,635737,285,11259,19113
DE,2012,29.78,35678,915518,3581,11519,66155
FL,2012,28.03,27349,19302016,223034,220674,1514585
GA,2012,27.32,28797,9903580,206785,130979,919908
HI,2012,36.2,42113,1395199,18206,9639,158321
IA,2012,28.8,28743,3076844,677166,45709,291495
ID,2012,29.93,27704,1595910,156517,23712,130343
IL,2012,29.31,31551,12883029,325082,143540,953332
IN,2012,28.32,28530,6538989,197464,105173,569694
KS,2012,28.61,30346,2886024,113449,40293,262047
KY,2012,29.29,23485,4387865,68403,89048,454226
LA,2012,28.14,25439,4602067,109589,84731,564410
MA,2012,30.31,36359,6664269,49978,55313,451196
MD,2012,29.92,37203,5888375,48883,61814,442455
ME,2012,31.13,29617,1328094,157341,11561,110626
MI,2012,28.62,32267,9898289,162394,104818,725628
MN,2012,29.43,30981,5377500,306238,67989,465948
MO,2012,27.95,27361,6026027,91813,82435,544525
MS,2012,28.09,20570,2984599,79602,48388,347785
MT,2012,29.8,26525,1004168,124377,13863,114947
NC,2012,29.43,27771,9751810,153167,128085,716152
ND,2012,30.58,26959,702227,127540,14717,129119
NE,2012,29.59,30048,1853691,273441,30828,190618
NH,2012,30.22,39436,1324677,44618,10870,99892
NJ,2012,28.84,39000,8845671,43627,75053,754975
NM,2012,29.22,25860,2087715,37515,23179,199079
NV,2012,30.31,31908,2744670,56587,35180,243459
NY,2012,30.2,31051,19574362,360194,143163,1132328
OH,2012,29.64,31404,11550971,140354,152457,856422
OK,2012,28.02,25284,3819320,119647,59341,436353
OR,2012,31.08,31927,3900102,498497,46689,298409
PA,2012,30.58,29882,12769123,168698,144710,944380
RI,2012,31.05,30432,1054893,2960,7708,56636
SC,2012,27.69,27578,4719027,119714,77781,429518
SD,2012,29.8,26259,833859,217380,11734,96399
TN,2012,28.43,24318,6455752,166376,96381,598465
TX,2012,28.15,27953,26084120,461674,365104,2702364
UT,2012,29.79,34251,2854146,21019,29723,235408
VA,2012,28.58,38198,8187456,102372,107795,739806
VT,2012,31.28,32755,626361,26308,5511,47614
WA,2012,31.48,33900,6898599,1019834,92336,568816
WI,2012,30.26,33308,5720825,199588,68820,418959
WV,2012,30.85,20271,1857446,44878,30817,174121
WY,2012,27.9,30209,576656,53775,16971,117517
AK,2013,34.81,40612,737626,18629,6268,151959
AL,2013,27.16,24346,4831586,313681,87852,463104
AR,2013,27.48,23435,2960459,121335,46683,273950
AZ,2013,28.0,30737,6634690,98958,75662,505257
CA,2013,31.08,33664,38253768,742339,261332,2784101
CO,2013,28.17,31499,5270774,119291,53442,415185
CT,2013,30.56,42154,3595792,30046,29825,225819
DC,2013,30.43,29885,651559,305,11086,19421
DE,2013,28.93,32585,924062,3795,11348,63903
FL,2013,27.6,27252,19551678,234142,221920,1538417
GA,2013,26.68,27212,9975592,248842,130497,944093
HI,2013,34.82,37246,1408822,22742,9503,162890
IA,2013,28.09,28553,3093935,703984,46705,296967
ID,2013,29.35,26116,1612053,140165,24208,134786
IL,2013,28.59,31884,12895778,355226,141805,971209
IN,2013,27.62,27089,6570575,213409,105487,596864
KS,2013,27.91,29295,2894306,154086,39847,279102
KY,2013,28.57,23764,4406906,80662,84764,453031
LA,2013,27.3,25299,4626040,126191,85808,550152
MA,2013,29.51,35714,6715158,57032,55265,469175
MD,2013,29.07,36952,5925197,53519,61899,447524
ME,2013,30.38,27868,1328543,161720,11855,123946
MI,2013,27.92,32117,9914802,188635,103038,756667
MN,2013,28.89,29479,5414722,305495,68644,469614
MO,2013,27.27,27926,6042989,109991,83407,549433
MS,2013,27.25,19475,2989839,64706,48782,315053
MT,2013,29.22,24827,1014158,114499,14045,117302
NC,2013,28.74,26853,9846717,192348,129780,738404
ND,2013,29.83,25892,723149,125285,16033,134047
NE,2013,28.87,29549,1865813,277574,30701,191742
NH,2013,29.49,36032,1327272,52904,11043,101130
NJ,2013,28.02,40049,8857821,49545,74642,760354
NM,2013,28.35,26540,2092833,39657,23065,199872
NV,2013,29.15,32937,2776956,66534,35211,249002
NY,2013,29.43,31794,19626488,380734,147895,1144299
OH,2013,28.79,29790,11579692,155359,150307,871643
OK,2013,27.33,25462,3853891,164988,59929,434752
OR,2013,29.9,30190,3924110,463400,47641,300581
PA,2013,29.7,30367,12779538,200322,146254,943708
RI,2013,30.3,30836,1055560,2702,7781,57047
SC,2013,27.04,27463,4766469,134299,78602,447080
SD,2013,29.07,24639,842751,208226,12210,94761
TN,2013,27.73,24453,6496943,209977,96944,602315
TX,2013,27.37,27733,26479646,500529,378817,2958764
UT,2013,29.2,28016,2898773,17178,30474,239904
VA,2013,27.91,36137,8255861,118391,110512,738979
VT,2013,30.53,29155,626603,33314,5588,48426
WA,2013,29.94,33970,6966252,928038,92883,581578
WI,2013,29.51,31133,5738012,206192,69124,416071
WV,2013,30.13,23147,1854768,53863,31400,168825
WY,2013,27.35,29050,582620,53121,17054,113231
AK,2014,33.68,39298,737075,19790,6165,153287
AL,2014,25.89,23357,4843737,270753,90494,462453
AR,2014,26.2,22786,2968759,119830,47080,277631
AZ,2014,27.09,29224,6732873,120249,76298,511680
CA,2014,29.99,33290,38586706,750065,262585,2810010
CO,2014,27.52,30733,5352637,126843,53397,428100
CT,2014,29.37,38870,3595697,32675,29354,226201
DC,2014,29.42,27392,663603,344,11194,20903
DE,2014,27.98,30804,933131,4224,11338,65228
FL,2014,26.44,26685,19853880,231318,226078,1558717
GA,2014,25.69,27561,10071204,267131,135790,913013
HI,2014,33.69,38921,1415335,24424,9475,154581
IA,2014,26.86,27288,3110643,724522,47202,307946
ID,2014,28.62,25305,1632248,155994,23233,136227
IL,2014,27.33,32542,12885092,367756,141540,999845
IN,2014,26.41,26928,6596019,226334,106943,609528
KS,2014,26.68,29917,2901861,179368,40562,299212
KY,2014,27.31,24780,4416992,81689,78839,461358
LA,2014,26.03,22405,4645938,149561,90628,527984
MA,2014,28.4,36247,6764864,62219,54469,454133
MD,2014,28.11,38857,5960064,53166,61684,442302
ME,2014,29.19,27464,1331217,157454,12003,125450
MI,2014,26.69,29937,9932033,202485,103314,748586
MN,2014,27.25,31465,5452665,339733,68719,471826
MO,2014,26.07,27332,6059130,112955,83878,558250
MS,2014,25.98,20178,2991892,64569,49409,318559
MT,2014,28.49,23375,1022657,134146,14102,113121
NC,2014,27.68,26329,9937295,173986,133133,750012
ND,2014,28.52,25264,738736,138233,18240,144247
NE,2014,27.6,27482,1879955,306467,30222,198387
NH,2014,28.34,40805,1334257,55538,10944,102049
NJ,2014,27.09,38734,8867277,54088,73866,748280
NM,2014,27.03,25039,2090236,41695,23115,206420
NV,2014,28.21,32023,2818935,67517,35076,246992
NY,2014,28.37,31591,19653431,397833,147372,1211114
OH,2014,27.75,30013,11606573,166758,150680,892399
OK,2014,26.13,24384,3879187,163029,61573,469491
OR,2014,28.93,29281,3965447,485336,47335,303680
PA,2014,28.73,29005,12792392,197329,146688,943575
RI,2014,29.12,31968,1056511,4421,7643,61098
SC,2014,26.05,28735,4826858,137000,81620,438442
SD,2014,27.79,24571,849670,221052,12355,95873
TN,2014,26.51,22592,6544617,178817,100219,616835
TX,2014,26.06,28228,26963092,545439,389670,2946730
UT,2014,28.48,30142,2938327,22235,30043,242167
VA,2014,26.88,35073,8315430,135862,112098,749241
VT,2014,29.33,31098,625693,32831,5570,47901
WA,2014,29.24,32112,7057531,940937,92141,570545
WI,2014,28.22,30711,5753199,216236,69495,445797
WV,2014,29.02,22137,1850569,50019,32696,169520
WY,2014,26.68,29460,583159,54137,17134,117531
AK,2015,27.66,36006,738430,23807,6159,160653
AL,2015,18.17,21284,4854803,258955,88846,477809
AR,2015,18.38,21433,2979732,117840,46465,275130
AZ,2015,22.25,28552,6832810,128906,77349,521172
CA,2015,25.47,33009,38904296,737335,261170,2875989
CO,2015,19.57,26806,5454328,126443,54116,425029
CT,2015,20.76,42321,3588561,33234,29476,227826
DC,2015,21.32,26752,677014,824,11291,20273
DE,2015,20.27,32068,942065,3517,11498,69683
FL,2015,18.85,26085,20219111,223761,235599,1616723
GA,2015,18.29,27542,10183353,269418,135878,958404
HI,2015,27.67,35035,1422999,24957,9511,159258
IA,2015,19.28,26265,3122541,762986,47147,299690
ID,2015,20.93,24654,1652495,153439,23059,150234
IL,2015,19.62,31300,12859585,353832,138620,1036075
IN,2015,18.96,25898,6611442,241104,104515,611804
KS,2015,19.15,26862,2910717,176897,39849,275720
KY,2015,19.61,23283,4429126,75292,76039,467914
LA,2015,18.27,22861,4666998,132249,91676,534889
MA,2015,20.1,36086,6797484,62787,54621,467920
MD,2015,20.37,36016,5988528,47614,61782,454708
ME,2015,20.64,28221,1329098,161418,11888,126005
MI,2015,19.16,30775,9934483,222957,102480,770712
MN,2015,19.83,30185,5484002,344806,66579,471947
MO,2015,18.71,26497,6075411,105367,81504,558486
MS,2015,18.23,19917,2990231,60390,48692,334237
MT,2015,20.84,23692,1031495,125018,14207,111128
NC,2015,19.7,26406,10037218,170008,133848,765868
ND,2015,20.47,25229,755537,141393,18129,133107
NE,2015,19.81,26319,1892059,315236,29495,197918
NH,2015,20.04,37532,1337480,61342,10999,101206
NJ,2015,19.63,39120,8870312,45205,75490,745881
NM,2015,18.97,22602,2090071,38811,23094,208867
NV,2015,23.16,29340,2868531,75369,36020,250288
NY,2015,20.47,31496,19657321,408996,148914,1185419
OH,2015,19.78,29021,11622315,164347,149213,893718
OK,2015,18.76,23667,3910518,187199,61336,459185
OR,2015,23.76,28529,4018542,438902,47264,299363
PA,2015,20.81,28690,12789838,200440,146344,921294
RI,2015,20.59,30124,1056886,4886,7665,60684
SC,2015,18.54,23798,4896006,128618,81328,460353
SD,2015,19.95,24108,854663,224401,12102,98769
TN,2015,19.03,22611,6595354,181848,99632,625520
TX,2015,18.27,25886,27468531,582669,392337,3003114
UT,2015,20.83,30717,2983626,23993,30192,250499
VA,2015,19.13,34118,8367303,137547,112009,740651
VT,2015,20.74,31295,625810,38784,5521,48393
WA,2015,22.35,31961,7167287,872328,90116,609914
WI,2015,20.25,29123,5762927,223327,68699,440631
WV,2015,20.65,21677,1843332,37954,32303,173151
WY,2015,19.51,29521,586389,49879,16925,111313
AK,2016,24.07,33103,742575,25154,6123,152473
AL,2016,16.31,19948,4866824,230734,88225,501938
AR,2016,16.5,20172,2991815,115418,46188,281967
AZ,2016,19.36,26435,6944767,138462,78238,535770
CA,2016,22.01,30287,39149186,929428,256847,2985445
CO,2016,17.39,26214,5543844,149410,54802,434257
CT,2016,18.68,36213,3579830,34248,28931,229708
DC,2016,19.27,26741,687576,1107,11394,21248
DE,2016,18.32,30505,949989,3105,11258,73770
FL,2016,17.14,25406,20627237,223405,235722,1654778
GA,2016,16.68,26566,10308442,282185,138112,920894
HI,2016,24.07,33024,1428885,27593,9445,162834
IA,2016,17.15,24305,3133210,796545,48431,316329
ID,2016,18.67,23450,1684036,151417,23063,156857
IL,2016,17.45,29524,12821709,372881,141050,1033118
IN,2016,16.86,26293,6637898,255972,103705,609662
KS,2016,17.03,25566,2912977,205148,40810,271697
KY,2016,17.43,19907,4440306,76930,74554,468348
LA,2016,16.39,20497,4681346,154742,91453,567610
MA,2016,18.14,33213,6827280,65614,53476,479351
MD,2016,18.41,36552,6007014,48236,61354,442744
ME,2016,18.57,26402,1332348,141939,11449,126693
MI,2016,17.04,29472,9954117,216292,104468,779443
MN,2016,17.29,29087,5525360,349766,66546,495770
MO,2016,16.64,23443,6091384,105508,78618,569641
MS,2016,16.36,18166,2990595,78068,49050,340739
MT,2016,18.58,22231,1042137,128093,14101,116133
NC,2016,17.97,24415,10161802,199518,134404,787401
ND,2016,18.2,24092,756114,162091,18520,120536
NE,2016,17.62,25159,1906483,328233,30199,196790
NH,2016,18.03,34625,1343694,56288,10905,101176
NJ,2016,17.74,36287,8873584,46545,75359,776330
NM,2016,17.02,19296,2092555,54820,23040,205210
NV,2016,20.16,27983,2919555,88587,36145,261783
NY,2016,18.13,28915,19636391,412778,147803,1228842
OH,2016,17.96,27740,11640060,165910,150598,889493
OK,2016,16.68,23667,3928143,243568,61517,461917
OR,2016,20.67,27748,4093271,468057,47349,300771
PA,2016,18.81,26742,12788468,196630,145328,906308
RI,2016,18.53,29842,1057816,4700,7524,56945
SC,2016,16.91,25533,4963031,131043,79578,473785
SD,2016,17.74,22294,863693,235804,12130,98525
TN,2016,16.92,20856,6651277,153938,100758,638442
TX,2016,16.3,24963,27914064,708726,398662,3097467
UT,2016,18.57,26313,3044241,36561,30180,255936
VA,2016,17.45,32648,8417651,139773,112281,744999
VT,2016,18.66,28988,624366,35635,5516,48604
WA,2016,20.55,32327,7299961,930774,88885,678473
WI,2016,18.01,29575,5775170,223484,69736,437596
WV,2016,18.84,19353,1832435,39651,32076,181971
WY,2016,17.4,26419,585243,54564,16555,112483
AK,2017,26.82,33233,740983,23615,6186,155378
AL,2017,18.5,19734,4877989,258548,86242,496081
AR,2017,18.72,18827,3003855,116688,46086,283888
AZ,2017,21.58,26749,7048088,149412,77646,539103
CA,2017,24.37,30146,39337785,1121857,257268,3065912
CO,2017,19.74,26476,5617421,153133,54830,438842
CT,2017,20.99,32862,3575324,32883,28136,232828
DC,2017,22.0,27455,697079,1316,10916,18441
DE,2017,20.92,29244,957942,3268,11129,76876
FL,2017,19.23,24489,20977089,236674,233155,1691204
GA,2017,18.57,26714,10417031,274842,133457,973635
HI,2017,26.83,35022,1425763,26964,9324,170624
IA,2017,19.25,22190,3143734,830271,48922,301406
ID,2017,21.09,20755,1719745,172887,23794,158590
IL,2017,19.59,27084,12779893,375921,137196,1037119
IN,2017,18.93,22519,6662068,258568,98966,584850
KS,2017,19.12,25583,2910892,247706,40288,264633
KY,2017,19.57,20673,4455590,89594,72634,476673
LA,2017,18.6,21349,4673673,142085,91206,611866
MA,2017,20.51,32241,6863560,68460,52513,473442
MD,2017,21.02,34970,6028186,55334,59304,442101
ME,2017,20.86,23600,1335743,148022,11214,119841
MI,2017,19.13,27702,9976752,225338,101899,767838
MN,2017,19.76,28082,5569283,361559,67153,498582
MO,2017,18.68,23720,6111382,116362,76461,565686
MS,2017,18.56,18513,2990674,70950,47829,333442
MT,2017,21.0,20474,1053862,136239,14710,118101
NC,2017,20.0,22760,10275758,215572,131421,795129
ND,2017,20.44,22576,756755,211258,20140,129269
NE,2017,19.78,23268,1916998,352595,30359,198571
NH,2017,20.25,32338,1350395,59861,10787,101802
NJ,2017,20.26,34241,8888147,45600,73383,741285
NM,2017,19.31,20758,2092844,67401,23010,219302
NV,2017,22.46,26878,2972097,98127,36658,271098
NY,2017,20.12,26384,19593849,447404,144992,1238529
OH,2017,19.6,25773,11665706,166033,146644,897098
OK,2017,18.72,21691,3933602,274846,60492,470130
OR,2017,23.04,25038,4147294,501356,50044,308857
PA,2017,21.48,25424,12794679,204769,142991,914862
RI,2017,20.81,28292,1056554,5966,7385,57875
SC,2017,18.82,25049,5027102,132532,78097,481949
SD,2017,19.92,21151,873732,239116,12314,98248
TN,2017,19.0,21179,6714748,166114,97240,644002
TX,2017,18.56,24721,28291024,809867,401880,3124450
UT,2017,20.98,26529,3103540,53279,30589,260316
VA,2017,19.42,29996,8471011,140883,111530,753872
VT,2017,20.96,25415,625132,37780,5424,47667
WA,2017,23.64,27319,7427951,950196,91948,653778
WI,2017,20.22,26369,5793147,223178,69079,431285
WV,2017,20.97,17207,1818683,41636,31709,171435
WY,2017,19.66,27590,579994,55912,16778,112395
AK,2018,30.73,31356,736624,24152,5972,162228
AL,2018,20.4,19132,4891628,279558,90280,486046
AR,2018,20.64,18730,3012161,126114,49603,284863
AZ,2018,24.72,25500,7164228,155971,78346,549092
CA,2018,28.09,29010,39437463,1025835,255224,3078310
CO,2018,22.33,27192,5697155,156708,56450,453609
CT,2018,23.42,32721,3574561,37566,28834,238166
DC,2018,24.09,24322,704147,1603,11358,20300
DE,2018,22.91,25626,966985,3388,11773,81320
FL,2018,20.92,22849,21254926,247000,238565,1775231
GA,2018,20.2,24370,10519389,288096,139866,950467
HI,2018,30.74,29003,1423102,26299,9337,172556
IA,2018,21.34,22459,3149900,857377,51211,304162
ID,2018,24.2,20749,1752074,178789,23754,161191
IL,2018,21.72,26511,12724685,356868,142655,1037794
IN,2018,20.98,22728,6698481,268948,104194,574822
KS,2018,21.2,23926,2912748,252305,42037,281117
KY,2018,21.7,19874,4464273,90165,76611,500580
LA,2018,20.51,20890,4664450,143244,94186,578848
MA,2018,23.06,30339,6885720,75286,53285,480642
MD,2018,23.02,30604,6042153,65957,62086,459540
ME,2018,23.28,23424,1340123,149414,12355,106680
MI,2018,21.21,26605,9987286,236433,104869,790737
MN,2018,21.92,26443,5608762,364063,68708,498716
MO,2018,20.71,21925,6125986,130773,82056,566088
MS,2018,20.47,16513,2982879,76541,50390,335769
MT,2018,24.09,20328,1061818,143004,14839,118659
NC,2018,21.76,21861,10391358,248815,138287,807206
ND,2018,22.66,21508,760062,208200,20670,136198
NE,2018,21.93,21772,1925512,355655,30939,207165
NH,2018,22.6,30548,1355064,56133,11046,102953
NJ,2018,22.19,31715,8891730,48514,76017,766108
NM,2018,21.3,19845,2093754,85230,24049,226367
NV,2018,25.74,26217,3030725,105653,37780,273277
NY,2018,22.23,25025,19544098,442692,149930,1246738
OH,2018,21.5,25115,11680892,171657,152915,902967
OK,2018,20.76,20948,3943488,308585,64575,480425
OR,2018,26.4,24773,4183538,486889,49326,318161
PA,2018,23.52,23807,12809107,220272,148977,913628
RI,2018,23.22,26540,1059338,6661,7583,59951
SC,2018,20.48,21968,5091702,147094,81641,481705
SD,2018,22.08,19898,879386,251690,12857,99685
TN,2018,21.06,18256,6778180,185787,102911,651913
TX,2018,20.44,24162,28624564,900822,424419,3236520
UT,2018,24.08,26281,3155153,50354,31242,276803
VA,2018,21.13,29715,8510920,159813,118166,770378
VT,2018,23.39,24599,624802,41537,5531,44530
WA,2018,26.54,26881,7526793,937696,90006,653248
WI,2018,22.42,26430,5809319,230846,70960,456953
WV,2018,22.81,16464,1805953,45409,33647,192215
WY,2018,22.56,23559,579054,51479,16865,115829
AK,2019,31.19,34782,733603,22743,5819,162801
AL,2019,18.97,18333,4907965,278138,88095,497049
AR,2019,19.19,17451,3020985,133499,48093,287251
AZ,2019,25.09,23877,7291843,148135,77929,563626
CA,2019,29.1,26981,39437610,1139571,250379,3073275
CO,2019,21.62,28182,5758486,166757,56521,462055
CT,2019,21.94,31090,3566022,37159,27900,233834
DC,2019,22.73,21076,708253,2002,11028,22094
DE,2019,21.61,22980,976668,3609,11469,84552
FL,2019,19.45,21343,21492056,248128,240348,1748059
GA,2019,18.82,21049,10628020,301573,139301,941480
HI,2019,31.2,28961,1415615,25274,9453,173920
IA,2019,20.34,20927,3159596,892115,51043,304451
ID,2019,23.1,20761,1789060,169062,23985,166625
IL,2019,20.7,24870,12667017,369389,138319,1008341
IN,2019,20.0,22675,6731010,254849,102104,572585
KS,2019,20.2,22788,2912635,272544,41160,284333
KY,2019,20.68,17361,4472345,89191,75345,498205
LA,2019,19.07,21179,4658285,133667,93129,616169
MA,2019,21.78,28207,6894883,74169,51337,481481
MD,2019,21.71,30136,6054954,55546,60721,463322
ME,2019,21.81,20519,1345770,148409,11732,106410
MI,2019,20.21,24242,9984795,232837,101249,781208
MN,2019,20.73,23856,5640053,363277,66966,502951
MO,2019,19.74,21939,6140475,139690,78858,567093
MS,2019,19.03,16413,2978227,66398,48951,342707
MT,2019,23.0,20236,1070123,129188,15321,116497
NC,2019,20.28,21451,10501384,254003,136436,824551
ND,2019,21.6,21205,763724,210222,21559,131355
NE,2019,20.9,21799,1932571,367195,30383,206891
NH,2019,21.18,26403,1360783,55990,10712,103199
NJ,2019,20.93,30980,8891258,49358,73917,719727
NM,2019,19.8,20423,2099634,94036,24880,230054
NV,2019,26.12,23274,3090771,113326,36982,273489
NY,2019,20.97,23639,19463131,451784,145600,1211363
OH,2019,20.92,25174,11696507,172631,148522,893583
OK,2019,19.79,21205,3960676,332311,64796,464018
OR,2019,26.79,21894,4216116,426251,50404,312396
PA,2019,22.19,22877,12798883,201471,145580,917092
RI,2019,21.76,24625,1058158,8793,7350,58953
SC,2019,19.08,20036,5157702,149840,80206,474828
SD,2019,21.05,18142,887127,261949,12869,98484
TN,2019,20.08,17778,6830325,180608,99829,667375
TX,2019,19.07,23743,28986794,962899,429343,3334081
UT,2019,22.99,25238,3203383,48216,31143,272510
VA,2019,19.69,28429,8556642,142617,118435,780122
VT,2019,21.92,26000,624046,40966,5428,46294
WA,2019,25.88,24000,7614024,779010,91053,674034
WI,2019,21.37,23246,5824581,230974,69158,452210
WV,2019,21.26,15983,1795263,41953,33247,183835
WY,2019,21.53,22081,580116,53219,16763,115786
