Year,State,Transportation Energy Use,Total Energy Use,Renewable Energy Use,Population,Median Income,Gasoline Price
2020,AL,502565.0324551651,87814.43019898486,278427.81312289304,4924271.812111784,,18.97
2021,AL,506531.81718677277,88173.3304277171,278368.66407627263,4940578.96199547,16219.403591534614,18.97
2022,AL,510061.17113546876,88185.31568382715,278380.7360269186,4956886.108099832,15157.001603671144,18.97
2023,AL,513467.0163083059,88084.93877598226,278378.27221725933,4973193.254246481,14102.467569364624,18.97
2024,AL,516837.98872341757,87986.3631761633,278378.7750654083,4989500.400392656,13047.933535058106,18.97
2025,AL,520199.1147998952,87850.80441945206,278378.6724372447,5005807.546538837,11993.399500751588,18.97
2026,AL,523557.4607582858,87665.84625597164,278378.6933830113,5022114.692685018,10938.86546644507,18.97
2027,AL,526915.0217490996,87437.45941674545,278378.6891081113,5038421.838831199,9884.331432138551,18.97
2028,AL,530272.3611039695,87166.87425575941,278378.6899805917,5054728.98497738,8829.797397832033,18.97
2029,AL,533629.6378798322,86853.21824133622,278378.68980252394,5071036.131123561,7775.263363525514,18.97
2030,AL,536986.8969864844,86496.3886897613,278378.68983886647,5087343.277269742,6720.729329218995,18.97
2031,AL,540344.151104227,86096.50782746609,278378.6898314492,5103650.4234159235,5666.195294912476,18.97
2032,AL,543701.4038133491,85653.58084092423,278378.689832963,5119957.5695621045,4611.661260605957,18.97
2033,AL,547058.6561247463,85167.59123821786,278378.689832654,5136264.715708286,3557.127226299438,18.97
2034,AL,550415.9083238458,84638.53946399255,278378.68983271706,5152571.861854467,2502.593191992919,18.97
2035,AL,553773.160491238,84066.42766511689,278378.6898327042,5168879.008000648,1448.0591576863999,18.97
2036,AL,557130.4126496776,83451.25563586781,278378.6898327068,5185186.154146829,393.5251233798808,18.97
2037,AL,560487.6648055895,82793.02310689662,278378.6898327063,5201493.30029301,-661.0089109266382,18.97
2038,AL,563844.9169607875,82091.7301238088,278378.6898327064,5217800.446439191,-1715.5429452331573,18.97
2039,AL,567202.1691157841,81347.37671904157,278378.6898327064,5234107.592585372,-2770.0769795396764,18.97
2020,AR,289404.886067439,48363.95430360733,133499.0,3029802.4374593715,,19.19
2021,AR,290130.70939269237,49048.897439505454,133499.0,3038619.8749187435,15843.264465713039,19.19
2022,AR,291585.3063440894,49618.3910595972,133499.0,3047437.3123781155,15819.357495417753,19.19
2023,AR,292333.7623558312,49751.80464895128,133499.0,3056254.7498374875,15795.486599962342,19.19
2024,AR,293766.42949812073,50133.53971259041,133499.0,3065072.1872968595,15771.651724911047,19.19
2025,AR,294536.13427004556,50546.0065509735,133499.0,3073889.6247562314,15747.852815910252,19.19
2026,AR,295948.2125505214,50887.621899358164,133499.0,3082707.0622156034,15724.089818688355,19.19
2027,AR,296737.8667795973,51192.97672023334,133499.0,3091524.4996749754,15700.362679055654,19.19
2028,AR,298130.61515032774,51522.81816524115,133499.0,3100341.9371343474,15676.671342904212,19.19
2029,AR,298938.9989823165,51840.08962696154,133499.0,3109159.3745937194,15653.015756207742,19.19
2030,AR,300313.59941392584,52135.78591154679,133499.0,3117976.8120530914,15629.39586502148,19.19
2031,AR,301139.5675853091,52420.71770149581,133499.0,3126794.2495124633,15605.811615482065,19.19
2032,AR,302497.12977418053,52698.42336531213,133499.0,3135611.6869718353,15582.26295380741,19.19
2033,AR,303339.60705114243,52963.421714613214,133499.0,3144429.1244312073,15558.749826296587,19.19
2034,AR,304681.1728387886,53215.738044121696,133499.0,3153246.5618905793,15535.272179329699,19.19
2035,AR,305539.1497350933,53457.088241742305,133499.0,3162063.9993499513,15511.82995936776,19.19
2036,AR,306865.6972572941,53687.3279439183,133499.0,3170881.4368093233,15488.423112952574,19.19
2037,AR,307738.22601400263,53905.78726562529,133499.0,3179698.8742686952,15465.05158670661,19.19
2038,AR,309050.6735962349,54112.65036503738,133499.0,3188516.311728067,15441.71532733288,19.19
2039,AR,309936.86440725124,54308.114232985936,133499.0,3197333.749187439,15418.414281614827,19.19
2020,IL,994217.7613159765,140087.10169491524,384708.2759170984,12609349.0,,20.7
2021,IL,987587.7564891804,141855.20338983048,392908.97621912113,12551681.0,22634.0,20.7
2022,IL,984620.4671138362,143623.30508474572,403159.4622674241,12494013.0,21516.0,20.7
2023,IL,983443.5241675394,145391.40677966096,412819.7148430706,12436345.0,20398.0,20.7
2024,IL,983141.7079894803,147159.5084745762,422649.9244753882,12378677.0,19280.0,20.7
2025,IL,983267.6564317542,148927.61016949144,432431.1951666757,12321009.0,18162.0,20.7
2026,IL,983602.6975187168,150695.71186440668,442226.5577703325,12263341.0,17044.0,20.7
2027,IL,984039.9437250013,152463.81355932192,452017.8626238614,12205673.0,15926.000000000002,20.7
2028,IL,984527.148103804,154231.91525423716,461810.33590192127,12148005.0,14808.000000000004,20.7
2029,IL,985038.7721889571,156000.0169491524,471602.4727334673,12090337.0,13690.000000000005,20.7
2030,IL,985562.3327006883,157768.11864406764,481394.70644440403,12032669.0,12572.000000000007,20.7
2031,IL,986091.7277739581,159536.22033898288,491186.91225903045,11975001.0,11454.00000000001,20.7
2032,IL,986623.974798616,161304.32203389812,500979.12610636774,11917333.0,10336.000000000011,20.7
2033,IL,987157.615865768,163072.42372881336,510771.33764069504,11859665.0,9218.000000000013,20.7
2034,IL,987691.9383451222,164840.5254237286,520563.54984105093,11801997.0,8100.000000000015,20.7
2035,IL,988226.5939008287,166608.62711864384,530355.7618496247,11744329.0,6982.000000000016,20.7
2036,IL,988761.4122652673,168376.72881355908,540147.9739134219,11686661.0,5864.000000000018,20.7
2037,IL,989296.3102111082,170144.83050847432,549940.1859613175,11628993.0,4746.00000000002,20.7
2038,IL,989831.24705658,171912.93220338956,559732.398013792,11571325.0,3628.000000000022,20.7
2039,IL,990366.2029163096,173681.0338983048,569524.610064948,11513657.0,2510.0000000000236,20.7
2020,IN,577793.4915254237,102177.12781177068,247298.96493027953,6763539.0,,20.0
2021,IN,583001.9830508474,102250.25562354135,247104.22328591713,6796068.0,22929.076473636662,20.0
2022,IN,588210.4745762711,102323.38343531202,238877.6468927208,6828597.0,22982.47230193305,20.0
2023,IN,593418.9661016949,102396.51124708269,238877.6468927208,6861126.0,23032.44787513192,20.0
2024,IN,598627.4576271186,102469.63905885335,238877.6468927208,6893655.0,23079.00319323327,20.0
2025,IN,603835.9491525423,102542.76687062402,238877.6468927208,6926184.0,23122.138256237107,20.0
2026,IN,609044.440677966,102615.89468239469,238877.6468927208,6958713.0,23161.853064143426,20.0
2027,IN,614252.9322033897,102689.02249416536,238877.6468927208,6991242.0,23198.14761695223,20.0
2028,IN,619461.4237288134,102762.15030593603,238877.6468927208,7023771.0,23231.021914663514,20.0
2029,IN,624669.9152542371,102835.2781177067,238877.6468927208,7056300.0,23260.475957277282,20.0
2030,IN,629878.4067796608,102908.40592947736,238877.6468927208,7088829.0,23286.509744793533,20.0
2031,IN,635086.8983050846,102981.53374124803,238877.6468927208,7121358.0,23309.123277212268,20.0
2032,IN,640295.3898305083,103054.6615530187,238877.6468927208,7153887.0,23328.316554533485,20.0
2033,IN,645503.881355932,103127.78936478937,238877.6468927208,7186416.0,23344.089576757186,20.0
2034,IN,650712.3728813557,103200.91717656003,238877.6468927208,7218945.0,23356.44234388337,20.0
2035,IN,655920.8644067794,103274.0449883307,238877.6468927208,7251474.0,23365.374855912036,20.0
2036,IN,661129.3559322031,103347.17280010137,238877.6468927208,7284003.0,23370.887112843186,20.0
2037,IN,666337.8474576268,103420.30061187204,238877.6468927208,7316532.0,23372.97911467682,20.0
2038,IN,671546.3389830505,103493.4284236427,238877.6468927208,7349061.0,23371.65086141293,20.0
2039,IN,676754.8305084743,103566.55623541337,238877.6468927208,7381590.0,23366.902353051526,20.0
2020,IA,305657.494182101,51906.2896658589,922199.865657698,3169292.0,,20.34
2021,IA,306145.3788410386,52643.62020439891,956306.3497688156,3178988.0,18512.833333333332,20.34
2022,IA,306729.0409366671,53380.95074293892,986937.022997395,3188684.0,17162.666666666664,20.34
2023,IA,307312.7030322956,54118.28128147893,1020571.7756609338,3198380.0,15812.499999999996,20.34
2024,IA,307896.36512792413,54855.61182001894,1051610.1577057824,3208076.0,14462.333333333328,20.34
2025,IA,308480.02722355264,55592.94235855895,1084892.5351360887,3217772.0,13112.16666666666,20.34
2026,IA,309063.68931918114,56330.272897098956,1116235.4686157869,3227468.0,11761.999999999993,20.34
2027,IA,309647.35141480964,57067.603435638965,1149254.6278408354,3237164.0,10411.833333333325,20.34
2028,IA,310231.01351043815,57804.93397417897,1180825.0559754628,3246860.0,9061.666666666657,20.34
2029,IA,310814.67560606665,58542.26451271898,1213647.5957532707,3256556.0,7711.49999999999,20.34
2030,IA,311398.33770169516,59279.59505125899,1245387.9584608448,3266252.0,6361.333333333323,20.34
2031,IA,311981.99979732366,60016.925589799,1278063.626911895,3275948.0,5011.166666666656,20.34
2032,IA,312565.66189295216,60754.25612833901,1309930.9278066172,3285644.0,3660.999999999989,20.34
2033,IA,313149.32398858067,61491.58666687902,1342496.8859165672,3295340.0,2310.833333333322,20.34
2034,IA,313732.9860842092,62228.91720541903,1374459.0074418238,3305036.0,960.6666666666551,20.34
2035,IA,314316.6481798377,62966.24774395904,1406943.0138242994,3314732.0,-389.5000000000118,20.34
2036,IA,314900.3102754662,63703.578282499046,1438975.9647207402,3324428.0,-1739.6666666666788,20.34
2037,IA,315483.9723710947,64440.908821039055,1471398.754580063,3334124.0,-3089.8333333333458,20.34
2038,IA,316067.6344667232,65178.23935957906,1503484.6137918576,3343820.0,-4440.000000000013,20.34
2039,IA,316651.2965623517,65915.56989811908,1535861.6759670621,3353516.0,-5790.16666666668,20.34
2020,KY,505912.3932543855,74236.05781092061,89230.80655047957,4405261.764818647,,20.68
2021,KY,512392.9501418231,73789.82248481145,89230.80655047957,4281679.631317812,16600.972222222223,20.68
2022,KY,519022.78978716256,73343.58715870228,89230.80655047957,4154924.401335226,15521.944444444445,20.68
2023,KY,525634.4645472678,72897.35183259312,89230.80655047957,4070641.7230166397,14442.916666666668,20.68
2024,KY,532248.3496299863,72451.11650648396,89230.80655047957,4038192.3346195742,13363.88888888889,20.68
2025,KY,538861.9657582914,72004.8811803748,89230.80655047957,4038192.3346195742,12284.861111111113,20.68
2026,KY,545475.6146132564,71558.64585426563,89230.80655047957,4038192.3346195742,11205.833333333336,20.68
2027,KY,552089.2594860066,71112.41052815647,89230.80655047957,4038192.3346195742,10126.805555555558,20.68
2028,KY,558702.9048433169,70666.1752020473,89230.80655047957,4038192.3346195742,9047.777777777781,20.68
2029,KY,565316.5501416654,70219.93987593814,89230.80655047957,4038192.3346195742,7968.750000000004,20.68
2030,KY,571930.1954471883,69773.70454982898,89230.80655047957,4038192.3346195742,6889.722222222226,20.68
2031,KY,578543.8407518383,69327.46922371982,89230.80655047957,4038192.3346195742,5810.694444444449,20.68
2032,KY,585157.4860565945,68881.23389761065,89230.80655047957,4038192.3346195742,4731.6666666666715,20.68
2033,KY,591771.1313613378,68434.99857150149,89230.80655047957,4038192.3346195742,3652.6388888888937,20.68
2034,KY,598384.7766660827,67988.76324539233,89230.80655047957,4038192.3346195742,2573.611111111116,20.68
2035,KY,604998.4219708274,67542.52791928317,89230.80655047957,4038192.3346195742,1494.583333333338,20.68
2036,KY,611612.0672755721,67096.292593174,89230.80655047957,4038192.3346195742,415.5555555555602,20.68
2037,KY,618225.7125803168,66650.05726706484,89230.80655047957,4038192.3346195742,-663.4722222222176,20.68
2038,KY,624839.3578850615,66203.82194095568,89230.80655047957,4038192.3346195742,-1742.4999999999955,20.68
2039,KY,631453.0031898062,65757.58661484651,89230.80655047957,4038192.3346195742,-2821.5277777777733,20.68
2020,LA,615140.8473073608,93535.17385023583,133430.8308170529,4652120.0,,19.07
2021,LA,614112.6946147217,94107.76101759583,134687.64781285406,4645955.0,18060.5,19.07
2022,LA,613084.5419220825,94685.91950546701,133761.5470664998,4639790.0,17172.0,19.07
2023,LA,612056.3892294434,95057.69269616043,135243.31361521638,4633625.0,16283.5,19.07
2024,LA,611028.2365368042,95402.56122264684,136673.68225113142,4627460.0,15395.0,19.07
2025,LA,610000.0838441651,95742.82189665595,137724.58447687206,4621295.0,14506.5,19.07
2026,LA,608971.9311515259,96059.88699231649,139355.7065987687,4615130.0,13618.0,19.07
2027,LA,607943.7784588868,96337.17969143548,140888.99212674706,4608965.0,12729.5,19.07
2028,LA,606915.6257662476,96579.05726585681,142373.86603994432,4602800.0,11841.0,19.07
2029,LA,605887.4730736085,96789.45824133283,143989.758412287,4596635.0,10952.5,19.07
2030,LA,604859.3203809693,96968.34222361245,145565.909919908,4590470.0,10064.0,19.07
2031,LA,603831.1676883302,97114.60689849753,147141.57698895573,4584305.0,9175.5,19.07
2032,LA,602803.014995691,97228.10641773466,148744.82259468027,4578140.0,8287.0,19.07
2033,LA,601774.8623030519,97309.07356079921,150335.84385937796,4571975.0,7398.5,19.07
2034,LA,600746.7096104127,97357.59131445714,151929.39393321695,4565810.0,6510.0,19.07
2035,LA,599718.5569177736,97373.61498198211,153528.26823353878,4559645.0,5621.5,19.07
2036,LA,598690.4042251344,97357.11660693993,155123.87817079833,4553480.0,4733.0,19.07
2037,LA,597662.2515324953,97308.10205023242,156720.6702754031,4547315.0,3844.5,19.07
2038,LA,596634.0988398561,97226.57937530214,158318.3681474934,4541150.0,2956.0,19.07
2039,LA,595605.946147217,97112.54854414893,159915.2782038315,4534985.0,2067.5,19.07
2020,MI,770034.7747320202,102497.30508474576,239691.323519702,9982304.0,,20.21
2021,MI,757599.5168306853,103745.61016949153,246545.647039404,9979813.0,21829.88888888889,20.21
2022,MI,744112.9145868708,104993.91525423729,253399.97055910598,9977322.0,20694.77777777778,20.21
2023,MI,729691.1124573002,106242.22033898305,260254.29407880796,9974831.0,19559.66666666667,20.21
2024,MI,714398.136471951,107490.52542372882,267108.61759850994,9972340.0,18424.555555555562,20.21
2025,MI,698269.2817506281,108738.83050847458,273962.9411182119,9969849.0,17289.444444444453,20.21
2026,MI,681324.0051530252,109987.13559322034,280817.26463791385,9967358.0,16154.333333333341,20.21
2027,MI,663573.0325072807,111235.44067796611,287671.5881576158,9964867.0,15019.22222222223,20.21
2028,MI,645022.2765552789,112483.74576271187,294525.91167731775,9962376.0,13884.111111111119,20.21
2029,MI,625674.9967671646,113732.05084745763,301380.2351970197,9959885.0,12749.000000000007,20.21
2030,MI,605532.989965094,114980.3559322034,308234.55871672166,9957394.0,11613.888888888896,20.21
2031,MI,584597.2466689121,116228.66101694916,315088.8822364236,9954903.0,10478.777777777785,20.21
2032,MI,562868.3129146077,117476.96610169492,321943.20575612556,9952412.0,9343.666666666673,20.21
2033,MI,540346.489711093,118725.27118644069,328797.5292758275,9949921.0,8208.555555555562,20.21
2034,MI,517031.94299315487,119973.57627118645,335651.85279552947,9947430.0,7073.444444444451,20.21
2035,MI,492924.764234342,121221.88135593222,342506.1763152314,9944939.0,5938.333333333339,20.21
2036,MI,468025.00386054924,122470.18644067798,349360.4998349334,9942448.0,4803.222222222228,20.21
2037,MI,442332.6896696583,123718.49152542374,356214.82335463533,9939957.0,3668.1111111111168,20.21
2038,MI,415847.8369855861,124966.7966101695,363069.1468743373,9937466.0,2533.0000000000055,20.21
2039,MI,388570.45425582625,126215.10169491527,369923.47039403924,9934975.0,1397.8888888888944,20.21
2020,MN,507180.70542186225,67951.50847457627,367744.71214045474,5671223.444553494,,20.019313595698478
2021,MN,511407.6307507014,68937.01694915254,374045.98956329125,5702344.49800524,25016.0,20.308247178211165
2022,MN,515633.09629992914,69922.52542372882,380347.2669861278,5733464.274677358,25596.0,20.308247178211165
2023,MN,519857.79534368514,70908.03389830509,386648.5444089644,5764583.747072765,26176.0,20.308247178211165
2024,MN,524082.09190844116,71893.54237288136,392949.821831801,5795703.208471551,26756.0,20.308247178211165
2025,MN,528306.1771383125,72879.05084745763,399251.09925463755,5826822.667959685,27336.0,20.308247178211165
2026,MN,532530.1513998269,73864.5593220339,405552.3766774741,5857942.127361303,27916.0,20.308247178211165
2027,MN,536754.067393742,74850.06779661018,411853.6541003107,5889061.5867507225,28496.0,20.308247178211165
2028,MN,540977.952792331,75835.57627118645,418154.9315231473,5920181.046139494,29076.0,20.308247178211165
2029,MN,545201.822125834,76821.08474576272,424456.20894598385,5951300.5055281855,29656.0,20.308247178211165
2030,MN,549425.6830238332,77806.593220339,430757.4863688204,5982419.964916874,30236.0,20.308247178211165
2031,MN,553649.5394924928,78792.10169491527,437058.763791657,6013539.424305561,30816.0,20.308247178211165
2032,MN,557873.3936353814,79777.61016949154,443360.04121449357,6044658.883694248,31396.0,20.308247178211165
2033,MN,562097.2465570471,80763.11864406781,449661.31863733014,6075778.343082936,31976.0,20.308247178211165
2034,MN,566321.0988374695,81748.62711864409,455962.5960601667,6106897.802471623,32556.0,20.308247178211165
2035,MN,570544.9507811859,82734.13559322036,462263.8734830033,6138017.26186031,33136.0,20.308247178211165
2036,MN,574768.8025481037,83719.64406779663,468565.15090583987,6169136.721248997,33716.0,20.308247178211165
2037,MN,578992.6542221877,84705.1525423729,474866.42832867644,6200256.180637685,34296.0,20.308247178211165
2038,MN,583216.505847526,85690.66101694918,481167.705751513,6231375.640026372,34876.0,20.308247178211165
2039,MN,587440.3574472689,86676.16949152545,487468.9831743496,6262495.099415059,35456.0,20.308247178211165
2020,MS,346324.33898305084,48927.66880445584,66398.0,2973511.560889066,,19.03
2021,MS,349941.6779661017,48980.23737188153,66398.0,2968797.402249274,14447.0,19.03
2022,MS,353559.0169491525,49759.166240910126,66398.0,2964083.2177641266,13464.0,19.03
2023,MS,357176.35593220335,48919.26845328345,66398.0,2959369.033800648,12481.0,19.03
2024,MS,360793.6949152542,49529.98218784416,66398.0,2954654.84982664,11498.0,19.03
2025,MS,364411.03389830503,49181.03533739722,66398.0,2949940.6658528447,10515.0,19.03
2026,MS,368028.37288135587,49717.58517867204,66398.0,2945226.4818790453,9532.0,19.03
2027,MS,371645.7118644067,49179.49795823479,66398.0,2940512.297905246,8549.0,19.03
2028,MS,375263.05084745755,49778.0985046245,66398.0,2935798.1139314463,7566.0,19.03
2029,MS,378880.3898305084,49335.7039759757,66398.0,2931083.929957647,6583.0,19.03
2030,MS,382497.7288135592,49857.41168992245,66398.0,2926369.7459838474,5600.0,19.03
2031,MS,386115.06779661006,49411.92919214035,66398.0,2921655.562010048,4617.0,19.03
2032,MS,389732.4067796609,49949.373214142695,66398.0,2916941.3780362485,3633.9999999999995,19.03
2033,MS,393349.74576271174,49522.2585501857,66398.0,2912227.194062449,2650.999999999999,19.03
2034,MS,396967.0847457626,50026.708000272054,66398.0,2907513.0100886496,1667.9999999999986,19.03
2035,MS,400584.4237288134,49619.95627267101,66398.0,2902798.82611485,684.9999999999982,19.03
2036,MS,404201.76271186426,50114.663780799514,66398.0,2898084.6421410507,-298.0000000000023,19.03
2037,MS,407819.1016949151,49720.464459874434,66398.0,2893370.458167251,-1281.0000000000027,19.03
2038,MS,411436.44067796593,50197.20170557313,66398.0,2888656.2741934517,-2264.000000000003,19.03
2039,MS,415053.7796610168,49820.733160863965,66398.0,2883942.0902196523,-3247.0000000000036,19.03
2020,MO,572403.4915254237,81016.34374336773,139690.0,6154964.0,,19.74
2021,MO,577713.9830508474,82004.05802589854,139690.0,6169453.0,19611.0,19.74
2022,MO,583024.4745762711,83247.61349417779,139690.0,6183942.0,18447.0,19.74
2023,MO,588334.9661016949,84435.2548457233,139690.0,6198431.0,17283.0,19.74
2024,MO,593645.4576271186,85635.11623307334,139690.0,6212920.0,16119.0,19.74
2025,MO,598955.9491525423,86832.30693037607,139690.0,6227409.0,14955.0,19.74
2026,MO,604266.440677966,88030.08130725576,139690.0,6241898.0,13791.0,19.74
2027,MO,609576.9322033897,89227.72812090554,139690.0,6256387.0,12627.0,19.74
2028,MO,614887.4237288134,90425.40281351196,139690.0,6270876.0,11463.0,19.74
2029,MO,620197.9152542371,91623.07141316961,139690.0,6285365.0,10299.0,19.74
2030,MO,625508.4067796608,92820.74134444183,139690.0,6299854.0,9135.0,19.74
2031,MO,630818.8983050846,94018.41098468956,139690.0,6314343.0,7971.000000000001,19.74
2032,MO,636129.3898305083,95216.08068854072,139690.0,6328832.0,6807.000000000002,19.74
2033,MO,641439.881355932,96413.75037849134,139690.0,6343321.0,5643.000000000003,19.74
2034,MO,646750.3728813557,97611.42007147992,139690.0,6357810.0,4479.000000000004,19.74
2035,MO,652060.8644067794,98809.08976380456,139690.0,6372299.0,3315.0000000000045,19.74
2036,MO,657371.3559322031,100006.7594562743,139690.0,6386788.0,2151.0000000000055,19.74
2037,MO,662681.8474576268,101204.42914871234,139690.0,6401277.0,987.0000000000061,19.74
2038,MO,667992.3389830505,102402.0988411573,139690.0,6415766.0,-176.99999999999318,19.74
2039,MO,673302.8305084743,103599.76853360076,139690.0,6430255.0,-1340.9999999999925,19.74
2020,ND,132874.66101694916,22405.796095031787,222466.21658734514,767379.6577138744,,20.990950941630604
2021,ND,134394.32203389832,23265.3551618409,234888.05720977022,771035.4287364623,19394.46169021857,20.990950941630604
2022,ND,135913.98305084748,24137.67720042734,247487.52186727524,774691.1977347226,17901.056836075946,20.990950941630604
2023,ND,137433.64406779665,25022.76221079111,260264.61055986016,778346.9667691487,16407.651981933323,20.990950941630604
2024,ND,138953.3050847458,25920.610192932203,273219.323287525,782002.7358029287,14914.247127790699,20.990950941630604
2025,ND,140472.96610169497,26831.221146850625,286351.66005026974,785658.5048367202,13420.842273648075,20.990950941630604
2026,ND,141992.62711864413,27754.59507254637,299661.6208480944,789314.2738705114,11927.437419505452,20.990950941630604
2027,ND,143512.2881355933,28690.731970019442,313149.205680999,792970.0429043028,10434.032565362828,20.990950941630604
2028,ND,145031.94915254245,29639.63183926984,326814.4145489835,796625.8119380942,8940.627711220204,20.990950941630604
2029,ND,146551.6101694916,30601.294680297568,340657.24745204794,800281.5809718856,7447.22285707758,20.990950941630604
2030,ND,148071.27118644078,31575.72049310262,354677.7043901923,803937.350005677,5953.818002934955,20.990950941630604
2031,ND,149590.93220338994,32562.909277685,368875.7853634166,807593.1190394684,4460.4131487923305,20.990950941630604
2032,ND,151110.5932203391,33562.861034044705,383251.4903717208,811248.8880732597,2967.008294649706,20.990950941630604
2033,ND,152630.25423728826,34575.57576218173,397804.8194151049,814904.6571070511,1473.6034405070814,20.990950941630604
2034,ND,154149.91525423742,35601.05346209609,412535.772493569,818560.4261408425,-19.801413635543213,20.990950941630604
2035,ND,155669.57627118658,36639.29413378777,427444.349607113,822216.1951746339,-1513.2062677781678,20.990950941630604
2036,ND,157189.23728813574,37690.29777725678,442530.5507557369,825871.9642084253,-3006.6111219207924,20.990950941630604
2037,ND,158708.8983050849,38754.06439250312,457794.37593944074,829527.7332422166,-4500.015976063417,20.990950941630604
2038,ND,160228.55932203407,39830.59397952678,473235.82515822444,833183.502276008,-5993.4208302060415,20.990950941630604
2039,ND,161748.22033898323,40919.886538327766,488854.8984120881,836839.2713097994,-7486.825684348666,20.990950941630604
2020,SD,99457.05084745762,13061.457627118643,266499.57917198254,896027.1256595651,,20.352116865012555
2021,SD,100430.10169491524,13253.915254237287,269989.50166112673,904635.6149210209,17965.123222356215,20.61159141716894
2022,SD,101403.15254237286,13446.37288135593,273479.42415027093,912401.9765198379,16552.558346147278,20.61159141716894
2023,SD,102376.20338983048,13638.830508474573,276969.34663941513,920707.9334939449,15305.964261575467,20.61159141716894
2024,SD,103349.2542372881,13831.288135593217,280459.26912855933,930128.4410177909,14059.370177003657,20.61159141716894
2025,SD,104322.30508474572,14023.74576271186,283949.19161770353,939356.7873418654,12812.776092431846,20.61159141716894
2026,SD,105295.35593220334,14216.203389830504,287439.11410684773,947797.068940208,11566.182007860036,20.61159141716894
2027,SD,106268.40677966096,14408.661016949147,290929.0365959919,956683.2985361437,10319.587923288225,20.61159141716894
2028,SD,107241.45762711858,14601.11864406779,294418.9590851361,966629.0319610136,9072.993838716415,20.61159141716894
2029,SD,108214.5084745762,14793.576271186434,297908.8815742803,976470.6251092466,7826.399754144605,20.61159141716894
2030,SD,109187.55932203382,14986.033898305077,301398.8040634245,985579.9546006937,6579.8056695727955,20.61159141716894
2031,SD,110160.61016949144,15178.49152542372,304888.7265525687,995052.6366184059,5333.211585000986,20.61159141716894
2032,SD,111133.66101694906,15370.949152542364,308378.6490417129,1005528.4804673729,4086.6175004291763,20.61159141716894
2033,SD,112106.71186440668,15563.406779661007,311868.5715308571,1015977.5541728779,2840.0234158573667,20.61159141716894
2034,SD,113079.7627118643,15755.86440677965,315358.4940200013,1025751.049070323,1593.4293312855568,20.61159141716894
2035,SD,114052.81355932192,15948.322033898294,318848.4165091455,1035815.5529563138,346.835246713747,20.61159141716894
2036,SD,115025.86440677954,16140.779661016937,322338.3389982897,1046826.3743734881,-899.7588378580629,20.61159141716894
2037,SD,115998.91525423716,16333.23728813558,325828.2614874339,1057877.9395211397,-2146.3529224298727,20.61159141716894
2038,SD,116971.96610169478,16525.694915254226,329318.1839765781,1068310.7602385643,-3392.9470070016823,20.61159141716894
2039,SD,117945.0169491524,16718.15254237287,332808.1064657223,1078971.7110140817,-4639.541091573492,20.61159141716894
2020,TX,3377070.9491525423,436038.005484679,1048907.9756931448,29349024.0,,19.07
2021,TX,3420060.8983050846,443250.924057692,1128106.6599005784,29711254.0,22275.158479388134,19.07
2022,TX,3463050.847457627,450463.842630705,1203759.7973758476,30073484.0,21587.23223692736,19.07
2023,TX,3506040.796610169,457676.76120371796,1284291.3034260515,30435714.0,20899.305994466587,19.07
2024,TX,3549030.7457627114,464889.67977673095,1362617.6635206915,30797944.0,20211.379752005814,19.07
2025,TX,3592020.6949152537,472102.59834974393,1440797.7376131378,31160174.0,19523.45350954504,19.07
2026,TX,3635010.644067796,479315.5169227569,1519850.533059807,31522404.0,18835.527267084268,19.07
2027,TX,3678000.593220338,486528.4354957699,1598338.5470075605,31884634.0,18147.601024623495,19.07
2028,TX,3720990.5423728805,493741.3540687829,1676920.5542572753,32246864.0,17459.67478216272,19.07
2029,TX,3763980.491525423,500954.27264179586,1755633.3190083227,32609094.0,16771.748539701948,19.07
2030,TX,3806970.440677965,508167.19121480884,1834221.016404376,32971324.0,16083.822297241175,19.07
2031,TX,3849960.3898305073,515380.1097878218,1912851.3381225485,33333554.0,15395.896054780402,19.07
2032,TX,3892950.3389830496,522593.0283608348,1991495.2251664891,33695784.0,14707.969812319629,19.07
2033,TX,3935940.288135592,529805.9469338477,2070114.6659959701,34058014.0,14020.043569858855,19.07
2034,TX,3978930.237288134,537018.8655068607,2148746.6234134934,34420244.0,13332.117327398082,19.07
2035,TX,4021920.1864406765,544231.7840798736,2227378.2792223236,34782474.0,12644.191084937309,19.07
2036,TX,4064910.1355932187,551444.7026528865,2306005.7801378234,35144704.0,11956.264842476536,19.07
2037,TX,4107900.084745761,558657.6212258994,2384636.318167501,35506934.0,11268.338600015762,19.07
2038,TX,4150890.0338983033,565870.5397989124,2463266.1629516035,35869164.0,10580.41235755499,19.07
2039,TX,4193879.9830508456,573083.4583719253,2541895.4371037884,36231394.0,9892.486115094216,19.07
2020,WI,451115.6935658988,70116.84745762713,234766.81955835174,5839843.0,,21.37
2021,WI,451773.62092296133,71075.69491525425,238559.6391167035,5855105.0,18240.000000000004,21.37
2022,WI,453273.0339250755,72034.54237288138,242352.45867505527,5870367.0,15737.000000000007,21.37
2023,WI,455176.5585784994,72993.3898305085,246145.27823340704,5885629.0,13234.000000000011,21.37
2024,WI,457274.1521714051,73952.23728813563,249938.0977917588,5900891.0,10731.000000000015,21.37
2025,WI,459464.9446442478,74911.08474576275,253730.91735011057,5916153.0,8228.000000000018,21.37
2026,WI,461700.49456897704,75869.93220338988,257523.73690846234,5931415.0,5725.000000000021,21.37
2027,WI,463957.5386307681,76828.779661017,261316.5564668141,5946677.0,3222.0000000000236,21.37
2028,WI,466224.90494971536,77787.62711864413,265109.37602516584,5961939.0,719.0000000000264,21.37
2029,WI,468497.22838755016,78746.47457627126,268902.1955835176,5977201.0,-1783.999999999971,21.37
2030,WI,470771.9324120428,79705.32203389838,272695.0151418694,5992463.0,-4286.999999999968,21.37
2031,WI,473047.77967981127,80664.1694915255,276487.83470022114,6007725.0,-6789.999999999965,21.37
2032,WI,475324.175974091,81623.01694915263,280280.6542585729,6022987.0,-9292.999999999964,21.37
2033,WI,477600.83593063446,82581.86440677976,284073.47381692467,6038249.0,-11795.99999999996,21.37
2034,WI,479877.62250727357,83540.71186440688,287866.29337527644,6053511.0,-14298.999999999956,21.37
2035,WI,482154.46989143355,84499.55932203401,291659.1129336282,6068773.0,-16801.999999999953,21.37
2036,WI,484431.3464775505,85458.40677966113,295451.93249197997,6084035.0,-19304.99999999995,21.37
2037,WI,486708.23708749685,86417.25423728826,299244.75205033174,6099297.0,-21807.999999999945,21.37
2038,WI,488985.1344321901,87376.10169491539,303037.5716086835,6114559.0,-24310.99999999994,21.37
2039,WI,491262.0350111509,88334.94915254251,306830.39116703527,6129821.0,-26813.999999999938,21.37
2040,AL,,,,,-3824.6110138461954,
2040,AR,,,,,15395.148396416187,
2040,IL,,,,,1392.0000000000255,
2040,IN,,,,,23358.733589592604,
2040,IA,,,,,-7140.333333333347,
2040,KY,,,,,-3900.555555555551,
2040,LA,,,,,1179.0000000000002,
2040,MI,,,,,262.7777777777833,
2040,MN,,,,,36036.0,
2040,MS,,,,,-4230.000000000004,
2040,MO,,,,,-2504.999999999992,
2040,ND,,,,,-8980.23053849129,
2040,SD,,,,,-5886.135176145302,
2040,TX,,,,,9204.559872633443,
2040,WI,,,,,-29316.999999999935,
